Elevator call,15.74901825,0,-6,-1,2
Elevator call,29.79572499,-4,80,-1,3
Elevator call,30.19242759,-7,88,-1,2
Elevator call,30.71595022,-5,74,-1,3
Elevator call,36.31662175,31,97,-1,2
Elevator call,46.33106901,-6,70,-1,2
Elevator call,52.22992457,-4,34,-1,2
Elevator call,61.0483784,-9,52,-1,2
Elevator call,62.31340803,-9,92,-1,3
Elevator call,62.42923444,-4,47,-1,2
Elevator call,62.88805494,4,74,-1,3
Elevator call,66.30025924,0,-1,-1,1
Elevator call,67.07281282,-4,85,-1,4
Elevator call,67.3968456,-4,80,-1,2
Elevator call,72.32053835,-1,44,-1,2
Elevator call,75.45009626,-9,-3,-1,2
Elevator call,79.53860269,0,-1,-1,0
Elevator call,82.00106471,-5,94,-1,3
Elevator call,85.05084296,-4,71,-1,3
Elevator call,85.05145915,-8,66,-1,3
Elevator call,86.40921591,-5,-1,-1,2
Elevator call,90.27392218,27,95,-1,4
Elevator call,97.56134129,-1,93,-1,3
Elevator call,99.09729234,-2,47,-1,3
Elevator call,100.0952865,-5,85,-1,2
Elevator call,104.8284693,-1,55,-1,3
Elevator call,105.1781073,-7,96,-1,2
Elevator call,106.412017,-3,-1,-1,3
Elevator call,114.8141732,0,28,-1,2
Elevator call,115.2148578,-6,47,-1,3
Elevator call,132.2228279,12,-5,-1,1
Elevator call,146.3576834,-5,-9,-1,0
Elevator call,158.5784347,-4,-2,-1,2
Elevator call,159.7248447,-3,0,-1,3
Elevator call,161.1766006,-4,20,-1,2
Elevator call,165.7531344,0,32,-1,2
Elevator call,176.148875,-2,-1,-1,3
Elevator call,181.4509647,-1,30,-1,2
Elevator call,186.5178245,-4,51,-1,3
Elevator call,195.1514893,44,83,-1,2
Elevator call,198.2446789,0,9,-1,3
Elevator call,209.2342289,-3,-8,-1,1
Elevator call,213.8367404,-5,0,-1,2
Elevator call,215.1021415,-5,50,-1,3
Elevator call,215.5905145,-7,23,-1,2
Elevator call,221.9759827,0,-9,-1,1
Elevator call,222.5359103,-4,88,-1,2
Elevator call,224.3605101,-5,13,-1,3
Elevator call,227.0459038,-9,-7,-1,2
Elevator call,227.3869145,-6,-2,-1,0
Elevator call,228.5416057,16,-9,-1,1
Elevator call,245.9329165,-4,-1,-1,2
Elevator call,248.6346039,-2,40,-1,3
Elevator call,269.2010286,-2,76,-1,2
Elevator call,269.2290778,-2,58,-1,2
Elevator call,276.0160122,-1,100,-1,1
Elevator call,281.4335441,-8,6,-1,2
Elevator call,282.3742557,71,67,-1,4
Elevator call,285.9869302,-7,-9,-1,0
Elevator call,288.8516461,15,99,-1,1
Elevator call,304.5863408,0,14,-1,2
Elevator call,307.8754798,34,28,-1,4
Elevator call,310.6171697,7,80,-1,3
Elevator call,312.0106402,75,-1,-1,4
Elevator call,315.102028,-5,-6,-1,0
Elevator call,321.669633,0,48,-1,2
Elevator call,326.2162005,-9,-8,-1,2
Elevator call,326.8946221,-3,0,-1,3
Elevator call,328.3566989,-5,-6,-1,0
Elevator call,328.4651172,-8,24,-1,2
Elevator call,339.8670986,-9,10,-1,3
Elevator call,356.7750172,-9,69,-1,3
Elevator call,369.8859276,0,-1,-1,0
Elevator call,373.9444435,-4,34,-1,3
Elevator call,374.7234962,-3,64,-1,2
Elevator call,374.8932447,-1,100,-1,2
Elevator call,379.3623974,-8,56,-1,3
Elevator call,385.0290807,35,-9,-1,4
Elevator call,390.0533346,-6,46,-1,2
Elevator call,393.1687047,-5,-4,-1,2
Elevator call,407.1815824,-8,-5,-1,2
Elevator call,407.2751756,-8,82,-1,2
Elevator call,411.8124635,65,-2,-1,1
Elevator call,423.0325014,39,-5,-1,4
Elevator call,428.5097648,-2,26,-1,2
Elevator call,433.5968708,5,-7,-1,1
Elevator call,435.1813075,-4,47,-1,2
Elevator call,438.541313,87,-7,-1,4
Elevator call,438.9916382,-5,14,-1,2
Elevator call,440.0203373,-7,-3,-1,2
Elevator call,447.9320555,-3,25,-1,2
Elevator call,451.3692847,-7,97,-1,3
Elevator call,452.0363389,-7,2,-1,2
Elevator call,459.1711197,-1,63,-1,3
Elevator call,460.2998592,-2,29,-1,3
Elevator call,466.2828259,-7,69,-1,2
Elevator call,468.0898444,19,70,-1,3
Elevator call,468.8096806,-9,54,-1,2
Elevator call,469.3109264,-5,0,-1,2
Elevator call,473.762523,8,96,-1,3
Elevator call,475.6592721,-7,81,-1,3
Elevator call,475.7563485,-3,4,-1,2
Elevator call,481.2815349,-9,60,-1,3
Elevator call,488.8383599,-1,78,-1,2
Elevator call,494.2289555,-9,69,-1,1
Elevator call,494.9607965,-2,54,-1,3
Elevator call,496.6254988,-4,74,-1,1
Elevator call,499.055861,-1,51,-1,3
Elevator call,499.0584255,100,-7,-1,4
Elevator call,505.1661384,71,-1,-1,4
Elevator call,505.6566423,-2,-9,-1,0
Elevator call,518.0671397,85,-6,-1,4
Elevator call,518.0880902,80,99,-1,1
Elevator call,520.0558146,-9,22,-1,2
Elevator call,529.1038889,-8,76,-1,2
Elevator call,540.3602365,-9,59,-1,2
Elevator call,546.6587096,9,-6,-1,0
Elevator call,548.4197675,42,-3,-1,0
Elevator call,550.5479493,-6,94,-1,2
Elevator call,552.3403654,0,61,-1,3
Elevator call,559.0984936,-1,58,-1,2
Elevator call,559.7947453,0,-5,-1,4
Elevator call,565.1545071,-1,45,-1,2
Elevator call,568.1655801,-6,35,-1,3
Elevator call,580.1703275,-3,11,-1,3
Elevator call,582.4516391,-9,20,-1,3
Elevator call,589.0230373,-6,0,-1,3
Elevator call,595.4907759,-6,6,-1,3
Elevator call,597.5318029,-8,85,-1,2
Elevator call,607.5990041,-4,24,-1,2
Elevator call,610.140951,50,-4,-1,4
Elevator call,611.2245002,-9,10,-1,2
Elevator call,612.0358635,0,46,-1,2
Elevator call,613.9293841,-6,78,-1,2
Elevator call,616.3622393,-7,13,-1,2
Elevator call,623.1899953,-5,7,-1,2
Elevator call,624.2051767,-6,40,-1,3
Elevator call,624.9698485,-8,15,-1,3
Elevator call,629.4378655,-3,-8,-1,0
Elevator call,631.0705525,-7,85,-1,3
Elevator call,633.8314297,-9,69,-1,2
Elevator call,636.2539273,-2,3,-1,2
Elevator call,639.7422437,-1,5,-1,3
Elevator call,651.3868818,-9,-4,-1,2
Elevator call,652.5679784,-9,34,-1,3
Elevator call,653.5233419,-8,50,-1,2
Elevator call,653.5767423,-2,25,-1,3
Elevator call,656.5075634,27,-6,-1,0
Elevator call,660.0054453,-1,65,-1,2
Elevator call,670.9890162,0,34,-1,2
Elevator call,673.6204302,-6,-8,-1,4
Elevator call,673.8229934,-1,-5,-1,4
Elevator call,675.8277545,-5,-7,-1,4
Elevator call,690.3435072,-9,90,-1,3
Elevator call,691.7480969,85,-8,-1,4
Elevator call,699.6717222,0,-2,-1,0
Elevator call,704.5146679,-3,-5,-1,0
Elevator call,705.2713074,-2,73,-1,2
Elevator call,706.2201196,-3,-1,-1,3
Elevator call,708.0658532,-6,99,-1,1
Elevator call,711.1293089,-9,79,-1,2
Elevator call,713.137673,-9,7,-1,2
Elevator call,715.8477994,17,-5,-1,0
Elevator call,717.5512012,-9,-8,-1,3
Elevator call,741.5622718,-7,-2,-1,3
Elevator call,745.5777356,-3,43,-1,2
Elevator call,748.0824475,-8,44,-1,2
Elevator call,748.1507335,0,8,-1,3
Elevator call,753.4612293,11,-8,-1,4
Elevator call,754.628425,-7,31,-1,2
Elevator call,767.48684,-8,78,-1,1
Elevator call,774.1687517,-3,-4,-1,0
Elevator call,775.2702685,-7,93,-1,1
Elevator call,777.9417683,0,15,-1,2
Elevator call,778.6706319,-7,75,-1,1
Elevator call,806.6390732,-7,38,-1,2
Elevator call,817.4873896,-7,81,-1,3
Elevator call,822.8097093,-9,82,-1,3
Elevator call,831.1386849,-2,14,-1,2
Elevator call,833.4568374,-9,-4,-1,2
Elevator call,836.0439963,-1,22,-1,3
Elevator call,838.6215705,78,-7,-1,4
Elevator call,839.8585211,-9,5,-1,3
Elevator call,845.2393911,-5,91,-1,3
Elevator call,853.3581855,-1,72,-1,2
Elevator call,858.0973433,-7,-3,-1,2
Elevator call,858.764016,-9,7,-1,3
Elevator call,866.5927868,27,10,-1,0
Elevator call,871.273979,-7,9,-1,2
Elevator call,872.5166551,-2,-3,-1,4
Elevator call,872.5448365,-1,16,-1,3
Elevator call,873.7235073,-2,0,-1,3
Elevator call,878.9296669,30,61,-1,2
Elevator call,883.1763136,-1,-9,-1,4
Elevator call,887.5384282,19,-8,-1,0
Elevator call,901.9306691,-5,85,-1,3
Elevator call,903.9760089,-8,-5,-1,2
Elevator call,904.4493607,-2,15,-1,3
Elevator call,904.747622,-6,37,-1,2
Elevator call,908.2916284,0,41,-1,3
Elevator call,910.0918551,-8,41,-1,2
Elevator call,916.9117749,11,65,-1,2
Elevator call,920.3691333,-5,3,-1,3
Elevator call,926.6693133,-8,-1,-1,2
Elevator call,928.0707967,-6,69,-1,3
Elevator call,940.0461336,-3,96,-1,1
Elevator call,943.9513718,-1,-8,-1,4
Elevator call,948.172869,32,0,-1,4
Elevator call,952.7566521,0,69,-1,2
Elevator call,953.7894217,-8,0,-1,3
Elevator call,956.59307,-3,100,-1,1
Elevator call,961.6163922,-7,-8,-1,0
Elevator call,966.5176235,0,-4,-1,0
Elevator call,966.9256591,-1,-9,-1,0
Elevator call,977.255218,-2,60,-1,2
Elevator call,979.9158768,0,49,-1,2
Elevator call,980.4155994,34,-3,-1,4
Elevator call,981.5140368,-9,6,-1,3
Elevator call,986.545666,-3,34,-1,2
Elevator call,991.1137281,8,-4,-1,0
Elevator call,996.3578079,-2,22,-1,2
Elevator call,1003.238875,-4,8,-1,2
Elevator call,1007.745827,77,9,-1,4
Elevator call,1010.689812,-2,97,-1,1
Elevator call,1010.939101,-2,35,-1,3
Elevator call,1013.812092,-9,97,-1,1
Elevator call,1014.821807,73,67,-1,4
Elevator call,1020.995566,0,-5,-1,0
Elevator call,1026.063237,-7,94,-1,1
Elevator call,1033.987303,0,13,-1,2
Elevator call,1034.242939,-3,50,-1,3
Elevator call,1037.538186,36,63,-1,1
Elevator call,1039.016639,64,-3,-1,4
Elevator call,1040.878547,17,-3,-1,0
Elevator call,1046.492954,-7,16,-1,3
Elevator call,1047.064067,0,15,-1,2
Elevator call,1052.153359,-4,-3,-1,2
Elevator call,1055.7654,64,-1,-1,4
Elevator call,1056.025974,79,-4,-1,4
Elevator call,1056.726378,-6,28,-1,3
Elevator call,1058.308123,-7,0,-1,3
Elevator call,1064.859608,0,20,-1,2
Elevator call,1068.133111,-5,7,-1,2
Elevator call,1071.52992,78,-9,-1,4
Elevator call,1072.693157,24,-5,-1,0
Elevator call,1076.528686,-8,-3,-1,3
Elevator call,1081.876341,1,-9,-1,0
Elevator call,1085.464007,-4,78,-1,1
Elevator call,1087.096912,-2,48,-1,2
Elevator call,1089.133003,12,39,-1,2
Elevator call,1096.194094,45,14,-1,4
Elevator call,1096.360806,89,-8,-1,4
Elevator call,1097.868282,-3,19,-1,2
Elevator call,1097.99438,21,0,-1,0
Elevator call,1099.56286,-1,95,-1,1
Elevator call,1103.513932,57,50,-1,0
Elevator call,1109.509258,42,-2,-1,4
Elevator call,1113.481938,-4,-5,-1,4
Elevator call,1114.338746,-5,33,-1,3
Elevator call,1120.783107,88,-7,-1,4
Elevator call,1124.28668,-4,-5,-1,0
Elevator call,1124.520436,-4,84,-1,1
Elevator call,1127.27714,-1,67,-1,3
Elevator call,1129.695184,88,78,-1,4
Elevator call,1130.779674,90,-5,-1,4
Elevator call,1131.93864,-1,39,-1,2
Elevator call,1133.497468,82,-3,-1,4
Elevator call,1136.979444,94,-9,-1,4
Elevator call,1137.716562,-4,-5,-1,0
Elevator call,1140.11166,63,94,-1,1
Elevator call,1140.607781,-1,37,-1,2
Elevator call,1147.586189,-1,42,-1,3
Elevator call,1150.267508,-1,35,-1,2
Elevator call,1151.658727,72,30,-1,0
Elevator call,1155.24787,57,-6,-1,4
Elevator call,1155.51387,-8,-2,-1,2
Elevator call,1156.933473,64,-5,-1,4
Elevator call,1160.066063,-9,20,-1,3
Elevator call,1161.659134,-6,89,-1,1
Elevator call,1164.728332,-9,26,-1,2
Elevator call,1169.481751,87,3,-1,4
Elevator call,1172.241692,-2,5,-1,2
Elevator call,1175.806406,-3,-7,-1,0
Elevator call,1177.299486,-2,93,-1,1
Elevator call,1177.79874,-9,-7,-1,2
Elevator call,1178.015835,-3,-2,-1,3
Elevator call,1181.303975,32,-4,-1,0
Elevator call,1189.747135,10,84,-1,1
Elevator call,1191.780756,-2,0,-1,3
Elevator call,1194.358987,95,-3,-1,4
Elevator call,1194.827927,-9,44,-1,2
Elevator call,1195.01973,86,-7,-1,0
Elevator call,1196.736235,0,97,-1,1
Elevator call,1199.092723,2,-5,-1,4
Elevator call,1212.94955,-7,-1,-1,2
Elevator call,1213.495278,96,0,-1,4
Elevator call,1230.84745,-8,-7,-1,2
Elevator call,1234.224956,0,-7,-1,0
Elevator call,1256.013692,-6,59,-1,3
Elevator call,1256.295645,53,81,-1,1
Elevator call,1257.515198,-7,61,-1,2
Elevator call,1257.867373,-7,64,-1,3
Elevator call,1258.161775,62,-9,-1,0
Elevator call,1258.621396,-9,71,-1,2
Elevator call,1260.416452,24,-4,-1,0
Elevator call,1261.007565,88,-3,-1,4
Elevator call,1267.841295,-6,-8,-1,0
Elevator call,1268.591385,-1,-5,-1,0
Elevator call,1269.109031,-5,-6,-1,0
Elevator call,1278.205593,-9,-8,-1,3
Elevator call,1278.552894,32,0,-1,0
Elevator call,1280.743464,0,63,-1,2
Elevator call,1283.268844,-8,-7,-1,2
Elevator call,1285.798386,-8,56,-1,3
Elevator call,1292.31291,-4,19,-1,2
Elevator call,1293.406551,-4,24,-1,3
Elevator call,1295.165134,-3,75,-1,3
Elevator call,1308.551782,-1,-6,-1,0
Elevator call,1309.106951,37,-5,-1,0
Elevator call,1309.827343,-6,37,-1,2
Elevator call,1311.596035,-4,-1,-1,3
Elevator call,1316.661812,64,-4,-1,4
Elevator call,1319.140062,83,53,-1,4
Elevator call,1321.835409,83,-8,-1,4
Elevator call,1330.157155,-7,85,-1,1
Elevator call,1331.206962,5,-6,-1,0
Elevator call,1333.039215,-7,-5,-1,3
Elevator call,1333.197635,-9,0,-1,2
Elevator call,1335.738947,-8,-5,-1,2
Elevator call,1343.469808,27,10,-1,0
Elevator call,1345.789651,28,-2,-1,0
Elevator call,1351.765731,62,0,-1,4
Elevator call,1355.586276,71,0,-1,4
Elevator call,1359.396047,-9,-5,-1,2
Elevator call,1359.681945,0,-5,-1,0
Elevator call,1361.809632,-8,100,-1,1
Elevator call,1364.671704,-1,26,-1,3
Elevator call,1367.602704,-1,67,-1,2
Elevator call,1373.088258,90,-8,-1,4
Elevator call,1376.396326,-6,0,-1,2
Elevator call,1376.748995,-9,75,-1,1
Elevator call,1377.882864,-6,-9,-1,0
Elevator call,1382.600467,93,-7,-1,4
Elevator call,1386.113489,67,85,-1,3
Elevator call,1387.551742,-1,-8,-1,0
Elevator call,1389.569914,-4,7,-1,2
Elevator call,1389.583236,-1,95,-1,1
Elevator call,1398.19019,-1,51,-1,2
Elevator call,1398.811631,-2,78,-1,1
Elevator call,1399.544504,-9,95,-1,1
Elevator call,1401.790923,-5,-4,-1,2
Elevator call,1409.093679,72,0,-1,4
Elevator call,1409.586576,-4,79,-1,3
Elevator call,1413.057875,-3,44,-1,2
Elevator call,1413.849106,-9,93,-1,1
Elevator call,1415.219861,21,-2,-1,0
Elevator call,1430.917412,0,5,-1,3
Elevator call,1434.529917,-3,29,-1,2
Elevator call,1436.216863,91,-5,-1,4
Elevator call,1438.195964,-2,-7,-1,0
Elevator call,1438.973391,-2,17,-1,2
Elevator call,1445.399725,68,97,-1,1
Elevator call,1448.363061,-3,-4,-1,0
Elevator call,1448.619285,17,-3,-1,0
Elevator call,1450.88339,53,92,-1,1
Elevator call,1453.071921,64,59,-1,4
Elevator call,1453.27967,-8,-9,-1,0
Elevator call,1453.946387,-2,-1,-1,2
Elevator call,1454.828501,-7,16,-1,2
Elevator call,1456.729156,39,-8,-1,0
Elevator call,1458.655611,-8,95,-1,3
Elevator call,1462.670036,-9,-1,-1,2
Elevator call,1463.921661,-6,3,-1,2
Elevator call,1467.027887,1,-5,-1,0
Elevator call,1467.776637,-9,34,-1,3
Elevator call,1469.404018,56,-8,-1,0
Elevator call,1470.034373,-5,-8,-1,0
Elevator call,1470.591554,26,-6,-1,0
Elevator call,1473.835706,73,0,-1,4
Elevator call,1480.112742,-2,-3,-1,0
Elevator call,1480.849966,-9,0,-1,3
Elevator call,1484.421985,-5,44,-1,3
Elevator call,1484.984337,34,-1,-1,0
Elevator call,1486.42706,6,61,-1,3
Elevator call,1491.550191,-8,-4,-1,3
Elevator call,1492.205073,-8,72,-1,1
Elevator call,1493.504001,37,-1,-1,0
Elevator call,1501.979223,-8,94,-1,2
Elevator call,1504.345129,-1,-3,-1,0
Elevator call,1506.640551,66,-1,-1,4
Elevator call,1511.122815,66,-9,-1,4
Elevator call,1512.08621,-7,-2,-1,2
Elevator call,1517.099756,74,-8,-1,4
Elevator call,1519.001187,17,-5,-1,0
Elevator call,1521.319655,-6,-1,-1,2
Elevator call,1521.978165,-3,-2,-1,2
Elevator call,1522.637926,-3,26,-1,3
Elevator call,1530.551375,-9,41,-1,2
Elevator call,1530.857545,-4,17,-1,3
Elevator call,1536.70169,63,-2,-1,4
Elevator call,1544.548897,-8,86,-1,1
Elevator call,1550.774857,-5,82,-1,1
Elevator call,1551.504604,-5,67,-1,1
Elevator call,1553.774226,-8,71,-1,1
Elevator call,1554.498489,47,0,-1,4
Elevator call,1557.889998,-5,39,-1,2
Elevator call,1559.921165,64,-3,-1,4
Elevator call,1560.228669,-7,48,-1,2
Elevator call,1562.863051,-6,19,-1,3
Elevator call,1569.124937,61,48,-1,4
Elevator call,1573.816017,24,0,-1,0
Elevator call,1575.812833,26,-1,-1,0
Elevator call,1578.228615,-7,11,-1,2
Elevator call,1586.878234,57,-9,-1,4
Elevator call,1586.893792,-6,20,-1,3
Elevator call,1588.788677,-5,-3,-1,2
Elevator call,1593.620333,-3,24,-1,2
Elevator call,1596.423753,2,-6,-1,0
Elevator call,1596.498826,-7,81,-1,3
Elevator call,1599.602336,52,-8,-1,4
Elevator call,1606.048199,-5,41,-1,2
Elevator call,1607.039781,-2,49,-1,3
Elevator call,1609.391394,35,76,-1,1
Elevator call,1609.689968,-6,-5,-1,2
Elevator call,1611.625232,-6,-2,-1,3
Elevator call,1624.835904,-4,45,-1,2
Elevator call,1625.968105,-4,82,-1,3
Elevator call,1626.179079,-7,-1,-1,2
Elevator call,1629.960199,47,92,-1,1
Elevator call,1630.151637,-8,-7,-1,2
Elevator call,1630.159943,-8,-2,-1,3
Elevator call,1633.862854,-3,73,-1,3
Elevator call,1637.432232,-8,76,-1,3
Elevator call,1647.637203,79,-3,-1,4
Elevator call,1647.672741,77,-6,-1,4
Elevator call,1662.551651,-4,53,-1,3
Elevator call,1663.280678,33,0,-1,0
Elevator call,1664.54767,5,10,-1,2
Elevator call,1665.195253,89,3,-1,4
Elevator call,1665.919196,0,39,-1,3
Elevator call,1682.328497,-2,88,-1,1
Elevator call,1690.222153,25,-4,-1,0
Elevator call,1692.615297,89,0,-1,4
Elevator call,1696.258909,-3,0,-1,2
Elevator call,1696.291863,91,-6,-1,4
Elevator call,1698.762804,-4,46,-1,2
Elevator call,1701.420176,-6,-1,-1,3
Elevator call,1701.880371,37,-7,-1,0
Elevator call,1706.514239,-4,-2,-1,2
Elevator call,1708.699148,97,-9,-1,4
Elevator call,1717.932502,90,10,-1,4
Elevator call,1719.728282,-6,51,-1,3
Elevator call,1719.963571,0,51,-1,2
Elevator call,1725.939395,74,-8,-1,4
Elevator call,1726.115008,51,0,-1,0
Elevator call,1730.233267,12,55,-1,2
Elevator call,1732.957366,-8,37,-1,2
Elevator call,1750.164103,-2,86,-1,1
Elevator call,1751.667822,29,-9,-1,0
Elevator call,1764.807856,-3,60,-1,3
Elevator call,1769.838963,-9,-5,-1,3
Elevator call,1777.4224,30,-2,-1,0
Elevator call,1779.570449,78,-9,-1,4
Elevator call,1783.460186,0,28,-1,2
Elevator call,1793.138663,-6,52,-1,3
Elevator call,1795.384037,-1,92,-1,2
Elevator call,1798.806261,99,-1,-1,4
Elevator call,1800.921284,-6,70,-1,2
Elevator call,1801.336336,77,-8,-1,4
Elevator call,1805.696142,-5,-1,-1,2
Elevator call,1805.967769,-9,-3,-1,2
Elevator call,1809.080126,79,61,-1,4
Elevator call,1810.498727,65,-3,-1,0
Elevator call,1811.298522,15,-5,-1,0
Elevator call,1811.839207,-1,68,-1,3
Elevator call,1812.150597,-8,18,-1,2
Elevator call,1815.954459,-2,-3,-1,4
Elevator call,1824.514226,-6,25,-1,3
Elevator call,1825.222851,-8,-5,-1,2
Elevator call,1834.510852,-6,34,-1,3
Elevator call,1835.054264,91,19,-1,4
Elevator call,1838.000617,-2,54,-1,2
Elevator call,1840.61844,-5,70,-1,2
Elevator call,1846.215271,15,-3,-1,0
Elevator call,1846.786855,84,-3,-1,0
Elevator call,1847.224079,-3,56,-1,3
Elevator call,1847.474067,7,-7,-1,4
Elevator call,1848.060299,-7,20,-1,2
Elevator call,1848.996154,-6,8,-1,2
Elevator call,1852.75234,76,0,-1,0
Elevator call,1859.34932,-8,44,-1,3
Elevator call,1873.35974,-7,-6,-1,2
Elevator call,1884.604706,0,-3,-1,4
Elevator call,1885.681637,-4,12,-1,2
Elevator call,1885.948804,-2,-4,-1,4
Elevator call,1887.055764,-7,-2,-1,2
Elevator call,1889.426057,6,62,-1,2
Elevator call,1898.863461,-3,71,-1,3
Elevator call,1900.997626,-5,34,-1,2
Elevator call,1901.607018,47,88,-1,1
Elevator call,1906.152342,0,68,-1,1
Elevator call,1906.65989,40,-6,-1,0
Elevator call,1909.655791,0,-8,-1,4
Elevator call,1912.231489,-9,-10,-1,4
Elevator call,1914.84213,10,-3,-1,4
Elevator call,1915.229189,-7,67,-1,3
Elevator call,1917.690494,-7,69,-1,1
Elevator call,1917.749918,-9,59,-1,3
Elevator call,1919.307443,-1,-2,-1,4
Elevator call,1919.671697,-5,-8,-1,4
Elevator call,1920.309671,0,39,-1,3
Elevator call,1921.772661,-9,-3,-1,3
Elevator call,1922.78832,53,-3,-1,4
Elevator call,1932.56295,29,-3,-1,0
Elevator call,1932.657382,85,-2,-1,4
Elevator call,1933.033702,24,-6,-1,0
Elevator call,1936.032078,-7,43,-1,2
Elevator call,1937.925728,31,-1,-1,0
Elevator call,1938.076272,78,-4,-1,4
Elevator call,1948.555682,0,-8,-1,0
Elevator call,1956.602357,0,66,-1,2
Elevator call,1961.024055,-5,-8,-1,0
Elevator call,1961.236941,66,-8,-1,4
Elevator call,1963.244778,-3,4,-1,2
Elevator call,1971.487331,-2,56,-1,2
Elevator call,1972.260018,47,-1,-1,4
Elevator call,1976.733314,-3,0,-1,2
Elevator call,1981.785671,5,-1,-1,0
Elevator call,1987.012716,-7,15,-1,2
Elevator call,1987.947843,0,45,-1,2
Elevator call,1988.311757,-6,12,-1,2
Elevator call,1993.244033,-3,49,-1,3
Elevator call,1994.157909,-4,78,-1,1
Elevator call,1994.721452,98,-3,-1,4
Elevator call,2000.883009,14,-6,-1,0
Elevator call,2002.433749,-6,73,-1,1
Elevator call,2006.0789,50,-4,-1,4
Elevator call,2006.096932,-3,14,-1,3
Elevator call,2008.461786,44,-8,-1,0
Elevator call,2012.126357,-2,89,-1,1
Elevator call,2019.543422,-3,-4,-1,0
Elevator call,2020.392521,-9,0,-1,2
Elevator call,2030.306197,3,97,-1,1
Elevator call,2033.682978,-4,-1,-1,2
Elevator call,2034.070388,-1,-2,-1,0
Elevator call,2037.540352,63,-9,-1,4
Elevator call,2040.540391,77,-2,-1,4
Elevator call,2042.893689,53,-1,-1,0
Elevator call,2049.494678,100,-9,-1,4
Elevator call,2049.894336,90,-9,-1,4
Elevator call,2052.138163,0,44,-1,2
Elevator call,2055.204858,-4,28,-1,2
Elevator call,2074.160226,-7,87,-1,1
Elevator call,2074.827972,-2,-8,-1,0
Elevator call,2078.503828,76,-3,-1,4
Elevator call,2082.082,44,-3,-1,0
Elevator call,2082.726693,-1,0,-1,2
Elevator call,2083.846257,-8,12,-1,2
Elevator call,2087.101967,-2,100,-1,3
Elevator call,2091.649263,-6,11,-1,1
Elevator call,2094.104679,-9,-5,-1,2
Elevator call,2094.186297,-1,71,-1,3
Elevator call,2094.733112,-2,39,-1,2
Elevator call,2106.798348,31,-9,-1,0
Elevator call,2107.243942,-8,51,-1,3
Elevator call,2109.847077,30,-5,-1,0
Elevator call,2110.283069,-7,-4,-1,3
Elevator call,2119.204458,-1,0,-1,2
Elevator call,2120.032357,-1,-3,-1,4
Elevator call,2120.26982,49,-8,-1,4
Elevator call,2121.378315,61,-3,-1,4
Elevator call,2123.491167,-1,-3,-1,0
Elevator call,2129.261184,51,-3,-1,4
Elevator call,2130.948478,-8,4,-1,2
Elevator call,2132.590041,20,-1,-1,0
Elevator call,2136.177877,33,-2,-1,4
Elevator call,2146.043528,20,-3,-1,0
Elevator call,2146.546708,0,2,-1,2
Elevator call,2163.352637,49,0,-1,4
Elevator call,2164.731467,-7,64,-1,3
Elevator call,2168.725269,-1,30,-1,2
Elevator call,2170.413091,20,0,-1,0
Elevator call,2171.485302,31,-1,-1,0
Elevator call,2173.769133,-2,-3,-1,0
Elevator call,2174.163238,88,-1,-1,4
Elevator call,2178.145118,0,11,-1,2
Elevator call,2180.577623,-9,-1,-1,3
Elevator call,2180.777738,-3,3,-1,2
Elevator call,2185.396391,61,-5,-1,4
Elevator call,2186.257513,-7,94,-1,1
Elevator call,2187.578462,96,-2,-1,4
Elevator call,2187.657378,10,-3,-1,0
Elevator call,2189.677538,-2,-3,-1,0
Elevator call,2191.616205,79,24,-1,4
Elevator call,2194.883445,0,-5,-1,0
Elevator call,2196.977947,-7,21,-1,3
Elevator call,2199.844327,47,0,-1,0
Elevator call,2213.053772,42,0,-1,0
Elevator call,2219.46503,-4,-6,-1,0
Elevator call,2221.53668,-3,73,-1,3
Elevator call,2224.666202,-4,14,-1,2
Elevator call,2227.151401,92,-2,-1,4
Elevator call,2230.377631,77,9,-1,4
Elevator call,2230.495302,79,-7,-1,0
Elevator call,2230.723511,39,-2,-1,4
Elevator call,2231.83615,-6,84,-1,1
Elevator call,2232.321498,36,-8,-1,0
Elevator call,2234.227094,-6,52,-1,3
Elevator call,2236.042604,-2,-8,-1,4
Elevator call,2241.17072,12,-8,-1,4
Elevator call,2243.226289,18,-1,-1,4
Elevator call,2251.46136,93,-9,-1,0
Elevator call,2254.361822,-1,42,-1,2
Elevator call,2261.507415,39,0,-1,4
Elevator call,2261.69257,-2,77,-1,1
Elevator call,2263.70446,46,41,-1,4
Elevator call,2273.17678,34,-3,-1,0
Elevator call,2277.358145,-8,2,-1,2
Elevator call,2279.962201,64,-4,-1,0
Elevator call,2283.560211,29,-3,-1,4
Elevator call,2284.491474,-9,-10,-1,0
Elevator call,2284.811671,-8,-7,-1,2
Elevator call,2287.402563,72,-9,-1,0
Elevator call,2290.734909,-7,0,-1,2
Elevator call,2294.442472,-8,-4,-1,2
Elevator call,2299.845011,68,0,-1,0
Elevator call,2306.534961,-7,-4,-1,2
Elevator call,2309.188341,33,-3,-1,4
Elevator call,2310.641166,93,-2,-1,4
Elevator call,2317.565746,40,23,-1,0
Elevator call,2317.826937,67,-7,-1,0
Elevator call,2317.877105,-9,32,-1,3
Elevator call,2322.899527,-6,43,-1,2
Elevator call,2322.926529,-5,18,-1,2
Elevator call,2324.150159,37,-6,-1,0
Elevator call,2330.605564,76,-8,-1,4
Elevator call,2330.986325,38,-9,-1,0
Elevator call,2331.709931,17,46,-1,3
Elevator call,2333.662972,0,84,-1,3
Elevator call,2340.16019,74,0,-1,4
Elevator call,2348.150042,-7,84,-1,3
Elevator call,2354.298184,25,-3,-1,0
Elevator call,2359.453611,-9,22,-1,3
Elevator call,2360.669247,-6,67,-1,3
Elevator call,2362.265977,83,-2,-1,4
Elevator call,2370.005792,66,14,-1,4
Elevator call,2371.287486,0,28,-1,2
Elevator call,2373.781177,-3,11,-1,3
Elevator call,2376.263847,2,89,-1,1
Elevator call,2377.636875,60,-7,-1,4
Elevator call,2378.139986,70,-1,-1,4
Elevator call,2379.751495,-6,17,-1,2
Elevator call,2382.044788,-4,81,-1,3
Elevator call,2383.82299,-7,17,-1,2
Elevator call,2385.282833,23,-2,-1,0
Elevator call,2387.241648,-9,76,-1,3
Elevator call,2390.14459,-2,87,-1,1
Elevator call,2391.239615,87,-2,-1,4
Elevator call,2393.493326,79,-6,-1,0
Elevator call,2393.880062,-4,28,-1,2
Elevator call,2394.415997,-9,58,-1,2
Elevator call,2395.878566,-3,31,-1,3
Elevator call,2397.722506,99,-3,-1,0
Elevator call,2398.468171,50,-7,-1,4
Elevator call,2399.024306,68,27,-1,4
Elevator call,2405.387992,-3,6,-1,2
Elevator call,2410.51857,60,35,-1,4
Elevator call,2410.75187,96,-1,-1,0
Elevator call,2411.412359,5,-1,-1,0
Elevator call,2421.370067,-6,68,-1,1
Elevator call,2421.638331,-3,-9,-1,0
Elevator call,2422.047762,24,-2,-1,0
Elevator call,2426.935301,6,-5,-1,0
Elevator call,2432.179722,-9,-1,-1,1
Elevator call,2433.051403,74,-8,-1,4
Elevator call,2438.961752,67,0,-1,0
Elevator call,2439.843101,-3,-1,-1,3
Elevator call,2442.622798,-3,-1,-1,2
Elevator call,2444.383291,-6,-7,-1,0
Elevator call,2447.435116,99,50,-1,4
Elevator call,2447.869298,-4,-6,-1,0
Elevator call,2449.118021,80,71,-1,0
Elevator call,2463.35452,-6,-7,-1,0
Elevator call,2467.302332,83,-4,-1,4
Elevator call,2476.166318,79,-8,-1,0
Elevator call,2477.584123,-8,-2,-1,2
Elevator call,2478.032277,-2,-6,-1,4
Elevator call,2482.677306,-7,79,-1,3
Elevator call,2486.043724,70,-1,-1,0
Elevator call,2489.476439,52,-9,-1,4
Elevator call,2489.540646,-4,-3,-1,2
Elevator call,2490.199969,96,-5,-1,4
Elevator call,2490.391353,39,-7,-1,0
Elevator call,2490.395383,31,-7,-1,0
Elevator call,2493.201481,81,24,-1,4
Elevator call,2497.12119,-2,-3,-1,0
Elevator call,2500.794198,-1,0,-1,3
Elevator call,2502.806357,-2,20,-1,2
Elevator call,2508.300299,-8,-1,-1,3
Elevator call,2510.31143,61,0,-1,0
Elevator call,2511.76796,41,38,-1,0
Elevator call,2513.135363,27,-6,-1,0
Elevator call,2518.672652,82,64,-1,4
Elevator call,2518.712149,-1,-8,-1,0
Elevator call,2519.998682,-7,8,-1,3
Elevator call,2524.597353,-7,47,-1,2
Elevator call,2526.277384,45,-7,-1,0
Elevator call,2531.408018,36,-6,-1,0
Elevator call,2531.581287,48,0,-1,0
Elevator call,2531.591807,67,-2,-1,4
Elevator call,2534.955247,69,-3,-1,4
Elevator call,2538.499262,-2,-5,-1,0
Elevator call,2542.170051,-5,-7,-1,0
Elevator call,2543.047825,23,-3,-1,0
Elevator call,2543.333211,-9,0,-1,2
Elevator call,2547.157618,88,-5,-1,4
Elevator call,2549.34928,19,-5,-1,0
Elevator call,2556.05221,-3,-5,-1,0
Elevator call,2557.169917,-3,54,-1,2
Elevator call,2561.685859,63,-5,-1,4
Elevator call,2564.143316,12,-2,-1,0
Elevator call,2564.786476,64,1,-1,4
Elevator call,2566.86911,19,-3,-1,0
Elevator call,2567.193509,15,-2,-1,0
Elevator call,2567.699916,94,-8,-1,4
Elevator call,2569.15744,-7,0,-1,2
Elevator call,2570.075875,51,-7,-1,0
Elevator call,2570.829611,-1,38,-1,3
Elevator call,2573.654577,86,-6,-1,4
Elevator call,2578.040227,-2,60,-1,2
Elevator call,2580.766543,23,-7,-1,0
Elevator call,2598.300125,-6,-7,-1,0
Elevator call,2598.630298,55,-9,-1,0
Elevator call,2601.418037,97,0,-1,4
Elevator call,2602.221317,-3,5,-1,2
Elevator call,2611.47695,36,-2,-1,0
Elevator call,2612.207136,69,-7,-1,0
Elevator call,2618.33237,12,0,-1,0
Elevator call,2619.05257,-9,-4,-1,2
Elevator call,2621.200961,-9,-2,-1,2
Elevator call,2622.053318,79,-9,-1,4
Elevator call,2623.102151,0,91,-1,3
Elevator call,2630.2306,100,-5,-1,4
Elevator call,2630.504351,26,-5,-1,0
Elevator call,2633.094307,65,-9,-1,0
Elevator call,2637.429936,68,-4,-1,0
Elevator call,2638.708683,57,-8,-1,0
Elevator call,2641.154264,81,-7,-1,4
Elevator call,2642.340632,74,69,-1,0
Elevator call,2645.199782,-4,67,-1,3
Elevator call,2646.255739,26,-1,-1,4
Elevator call,2654.332993,54,0,-1,4
Elevator call,2655.489921,-6,31,-1,3
Elevator call,2657.712373,62,-2,-1,0
Elevator call,2661.748548,91,80,-1,4
Elevator call,2662.205384,26,-3,-1,0
Elevator call,2664.375064,-1,12,-1,3
Elevator call,2664.710816,-3,96,-1,1
Elevator call,2669.756047,-9,60,-1,2
Elevator call,2674.041672,28,0,-1,0
Elevator call,2681.574869,19,75,-1,3
Elevator call,2686.251038,1,-7,-1,0
Elevator call,2697.031381,78,-3,-1,4
Elevator call,2697.921228,-9,-10,-1,0
Elevator call,2703.592119,35,-9,-1,0
Elevator call,2707.236956,-9,-7,-1,1
Elevator call,2707.533575,47,-7,-1,0
Elevator call,2719.610485,-6,74,-1,3
Elevator call,2719.990107,99,-9,-1,4
Elevator call,2725.412343,-9,49,-1,2
Elevator call,2730.355307,12,-8,-1,0
Elevator call,2735.981821,-7,-3,-1,2
Elevator call,2741.296573,-9,60,-1,3
Elevator call,2751.534939,30,-3,-1,0
Elevator call,2754.793686,-7,-5,-1,3
Elevator call,2761.200255,-2,0,-1,2
Elevator call,2765.009908,-9,71,-1,2
Elevator call,2767.641402,23,-2,-1,0
Elevator call,2767.789098,12,-2,-1,0
Elevator call,2769.97695,26,0,-1,0
Elevator call,2773.683168,97,82,-1,4
Elevator call,2773.822071,12,-6,-1,0
Elevator call,2782.670285,8,-4,-1,0
Elevator call,2782.919366,87,-5,-1,4
Elevator call,2784.617917,6,-9,-1,0
Elevator call,2787.081034,5,-5,-1,0
Elevator call,2792.814559,44,-9,-1,0
Elevator call,2794.283611,87,-4,-1,0
Elevator call,2805.838889,-7,20,-1,2
Elevator call,2813.926086,34,-9,-1,0
Elevator call,2816.453096,71,-5,-1,0
Elevator call,2818.146433,38,0,-1,0
Elevator call,2820.109558,5,0,-1,0
Elevator call,2820.181381,20,-3,-1,0
Elevator call,2820.396011,90,-9,-1,4
Elevator call,2824.249862,-8,0,-1,2
Elevator call,2827.862848,71,2,-1,0
Elevator call,2829.036343,74,-6,-1,4
Elevator call,2829.207842,26,-2,-1,0
Elevator call,2832.891317,0,-1,-1,0
Elevator call,2834.227619,4,-2,-1,0
Elevator call,2834.560084,100,0,-1,4
Elevator call,2838.953853,61,-1,-1,0
Elevator call,2839.165088,-5,-7,-1,0
Elevator call,2839.653243,84,-8,-1,4
Elevator call,2843.660763,76,-9,-1,0
Elevator call,2844.039026,72,-3,-1,4
Elevator call,2856.351678,2,0,-1,0
Elevator call,2862.068794,72,-4,-1,0
Elevator call,2863.113303,-3,-1,-1,2
Elevator call,2867.457222,-8,-5,-1,2
Elevator call,2868.248552,85,-5,-1,4
Elevator call,2871.377755,94,37,-1,4
Elevator call,2872.998944,91,-2,-1,4
Elevator call,2874.768717,37,0,-1,0
Elevator call,2875.728652,-9,8,-1,3
Elevator call,2881.082866,11,-1,-1,0
Elevator call,2886.778074,3,-9,-1,0
Elevator call,2890.58744,84,-3,-1,4
Elevator call,2890.81691,87,63,-1,4
Elevator call,2895.437474,-4,-2,-1,2
Elevator call,2895.775052,-6,-8,-1,0
Elevator call,2900.431708,-6,-7,-1,0
Elevator call,2903.053137,-5,0,-1,2
Elevator call,2904.069285,-8,-9,-1,0
Elevator call,2904.829337,89,-5,-1,4
Elevator call,2915.161037,81,-3,-1,4
Elevator call,2916.051564,72,-2,-1,4
Elevator call,2917.608872,55,-3,-1,0
Elevator call,2920.584401,0,-3,-1,0
Elevator call,2920.841384,65,44,-1,0
Elevator call,2926.978531,51,42,-1,0
Elevator call,2931.476414,4,-7,-1,4
Elevator call,2933.979242,77,69,-1,4
Elevator call,2938.146119,16,-5,-1,0
Elevator call,2943.459058,60,31,-1,0
Elevator call,2944.207988,66,56,-1,0
Elevator call,2944.346735,90,-9,-1,4
Elevator call,2945.604382,-2,89,-1,3
Elevator call,2946.920515,16,-7,-1,4
Elevator call,2948.958091,82,-6,-1,4
Elevator call,2950.192037,2,34,-1,2
Elevator call,2958.246148,1,-2,-1,4
Elevator call,2958.964175,59,-1,-1,0
Elevator call,2971.647066,0,-1,-1,4
Elevator call,2972.728698,46,-7,-1,4
Elevator call,2974.926508,25,0,-1,0
Elevator call,2979.160468,6,0,-1,0
Elevator call,2980.850798,72,-1,-1,4
Elevator call,2981.388199,-6,-1,-1,2
Elevator call,2981.481534,5,-6,-1,0
Elevator call,2982.403892,-2,-8,-1,0
Elevator call,2985.787278,18,-6,-1,0
Elevator call,2988.016107,62,-7,-1,4
Elevator call,2991.892139,52,-1,-1,0
Elevator call,2994.059037,47,-7,-1,4
Elevator call,2996.373731,50,-6,-1,4
Elevator call,3001.747292,-9,0,-1,2
Elevator call,3005.917948,20,-6,-1,4
Elevator call,3007.560523,-1,0,-1,2
Elevator call,3008.568394,0,44,-1,2
Elevator call,3008.714083,88,-3,-1,4
Elevator call,3016.670803,72,-8,-1,4
Elevator call,3022.697179,-4,70,-1,2
Elevator call,3023.469235,-4,59,-1,2
Elevator call,3025.352624,46,-8,-1,0
Elevator call,3032.875621,89,72,-1,4
Elevator call,3039.03561,-1,-2,-1,0
Elevator call,3039.74546,56,-8,-1,0
Elevator call,3043.381106,-6,-1,-1,2
Elevator call,3048.564941,-4,43,-1,2
Elevator call,3049.629128,-6,-5,-1,2
Elevator call,3050.520662,-3,0,-1,3
Elevator call,3054.552611,55,-9,-1,0
Elevator call,3059.428634,-8,4,-1,2
Elevator call,3069.18878,15,93,-1,3
Elevator call,3075.12082,97,-8,-1,4
Elevator call,3080.312031,99,-5,-1,4
Elevator call,3080.716761,95,-8,-1,4
Elevator call,3083.166062,87,42,-1,0
Elevator call,3091.858118,30,-8,-1,4
Elevator call,3101.38693,-9,95,-1,2
Elevator call,3104.906929,-9,-10,-1,4
Elevator call,3108.843809,85,-6,-1,4
Elevator call,3110.015849,-3,-1,-1,2
Elevator call,3111.398297,-4,-9,-1,4
Elevator call,3112.724892,86,-3,-1,4
Elevator call,3113.03078,-2,-8,-1,4
Elevator call,3113.910413,100,97,-1,4
Elevator call,3116.537004,42,-6,-1,4
Elevator call,3133.766119,71,-4,-1,0
Elevator call,3133.819089,0,37,-1,2
Elevator call,3141.849986,19,-9,-1,0
Elevator call,3149.410217,-8,-7,-1,2
Elevator call,3151.613776,89,1,-1,4
Elevator call,3153.222867,-6,23,-1,2
Elevator call,3159.467866,58,-5,-1,0
Elevator call,3166.240252,35,-4,-1,4
Elevator call,3180.082268,96,0,-1,4
Elevator call,3183.003495,41,-3,-1,0
Elevator call,3188.065838,-7,36,-1,2
Elevator call,3188.900711,-4,-5,-1,0
Elevator call,3191.053452,52,-2,-1,0
Elevator call,3191.633998,-9,-5,-1,2
Elevator call,3192.536585,86,-9,-1,4
Elevator call,3208.479694,36,-9,-1,0
Elevator call,3210.779334,23,-3,-1,0
Elevator call,3213.076374,33,-8,-1,4
Elevator call,3218.237368,-3,77,-1,2
Elevator call,3233.649608,10,-6,-1,4
Elevator call,3239.167934,16,0,-1,0
Elevator call,3241.397983,92,-1,-1,4
Elevator call,3243.876954,23,-1,-1,0
Elevator call,3245.606291,12,-6,-1,0
Elevator call,3247.621405,84,-5,-1,4
Elevator call,3253.919892,4,-1,-1,0
Elevator call,3254.763995,3,-2,-1,0
Elevator call,3256.298644,60,-4,-1,0
Elevator call,3259.914222,37,-1,-1,0
Elevator call,3273.391152,82,-2,-1,4
Elevator call,3277.939881,48,13,-1,0
Elevator call,3278.726235,30,22,-1,0
Elevator call,3287.525217,30,-4,-1,4
Elevator call,3288.104053,95,20,-1,4
Elevator call,3289.098904,2,67,-1,2
Elevator call,3297.416607,50,-7,-1,4
Elevator call,3303.272278,59,1,-1,4
Elevator call,3315.002333,27,23,-1,0
Elevator call,3315.235793,-7,10,-1,2
Elevator call,3316.606207,58,44,-1,0
Elevator call,3320.406665,-3,-6,-1,4
Elevator call,3323.353381,-9,62,-1,2
Elevator call,3328.642807,67,-2,-1,4
Elevator call,3330.15691,45,0,-1,4
Elevator call,3333.843283,5,-2,-1,4
Elevator call,3343.596413,67,-3,-1,4
Elevator call,3344.45534,16,-2,-1,4
Elevator call,3358.667831,-6,-7,-1,4
Elevator call,3359.320805,88,26,-1,0
Elevator call,3359.64989,33,-2,-1,4
Elevator call,3361.715438,75,-7,-1,4
Elevator call,3361.888963,63,0,-1,4
Elevator call,3366.465698,69,-9,-1,4
Elevator call,3367.638428,33,-5,-1,4
Elevator call,3378.531225,65,-3,-1,4
Elevator call,3383.110175,65,-5,-1,4
Elevator call,3385.246431,-5,-1,-1,2
Elevator call,3385.883392,92,-4,-1,4
Elevator call,3386.450168,-8,-6,-1,2
Elevator call,3388.413763,92,24,-1,0
Elevator call,3393.285732,10,-1,-1,4
Elevator call,3394.321203,-9,12,-1,3
Elevator call,3394.987033,91,-2,-1,4
Elevator call,3417.827749,15,-5,-1,4
Elevator call,3418.850913,46,-1,-1,4
Elevator call,3423.456534,95,-2,-1,4
Elevator call,3440.72986,-3,-5,-1,4
Elevator call,3441.660118,-8,-1,-1,2
Elevator call,3448.445642,5,-5,-1,4
Elevator call,3451.420308,90,-3,-1,4
Elevator call,3451.750826,82,-2,-1,4
Elevator call,3451.972312,61,-5,-1,0
Elevator call,3452.670425,64,-5,-1,0
Elevator call,3457.016355,0,-7,-1,0
Elevator call,3459.403619,55,52,-1,0
Elevator call,3462.070628,21,-6,-1,4
Elevator call,3462.0752,0,-4,-1,0
Elevator call,3464.585151,52,-8,-1,4
Elevator call,3466.276795,77,13,-1,4
Elevator call,3471.502523,88,-1,-1,4
Elevator call,3473.310881,36,0,-1,0
Elevator call,3475.649076,75,-7,-1,4
Elevator call,3477.685317,-9,-6,-1,2
Elevator call,3483.754837,73,0,-1,0
Elevator call,3491.642056,85,0,-1,4
Elevator call,3498.216182,-4,-7,-1,4
Elevator call,3502.091565,84,-4,-1,4
Elevator call,3513.010033,22,-8,-1,0
Elevator call,3513.677771,7,-4,-1,0
Elevator call,3516.026453,13,0,-1,0
Elevator call,3522.933053,94,-4,-1,4
Elevator call,3523.03578,0,-6,-1,0
Elevator call,3532.34351,-8,-2,-1,2
Elevator call,3533.239865,1,-6,-1,0
Elevator call,3536.046287,-3,0,-1,3
Elevator call,3543.062467,91,-2,-1,4
Elevator call,3543.891538,22,-3,-1,0
Elevator call,3545.848181,72,-3,-1,4
Elevator call,3554.541674,82,-4,-1,4
Elevator call,3557.15601,77,47,-1,0
Elevator call,3564.738521,8,-9,-1,4
Elevator call,3564.796738,12,-8,-1,4
Elevator call,3569.139169,82,-4,-1,4
Elevator call,3570.303695,-9,-2,-1,2
Elevator call,3571.047789,34,-8,-1,4
Elevator call,3572.911609,6,-6,-1,4
Elevator call,3583.794949,56,-1,-1,0
Elevator call,3587.195387,89,-5,-1,0
Elevator call,3587.217656,28,-6,-1,4
Elevator call,3589.038048,63,-2,-1,4
