Elevator call,4.181791417,-7,-4,-1,2
Elevator call,9.088234751,-8,24,-1,3
Elevator call,23.23592412,-5,-3,-1,2
Elevator call,25.40148987,-4,86,-1,2
Elevator call,26.51034155,-3,-4,-1,1
Elevator call,47.13611508,-4,93,-1,3
Elevator call,48.17946318,-7,5,-1,1
Elevator call,59.41774734,-6,16,-1,3
Elevator call,59.88328914,-1,95,-1,2
Elevator call,61.94089619,-3,60,-1,3
Elevator call,65.68076514,-2,61,-1,2
Elevator call,75.72747458,-3,78,-1,2
Elevator call,80.54056995,-1,-2,-1,4
Elevator call,81.8361088,-4,71,-1,2
Elevator call,82.22215324,-4,84,-1,3
Elevator call,82.93671013,-4,46,-1,2
Elevator call,92.10943365,-8,49,-1,3
Elevator call,95.13692147,-5,2,-1,3
Elevator call,103.5004013,26,49,-1,2
Elevator call,121.3434097,-5,-1,-1,4
Elevator call,123.8090976,-8,-7,-1,4
Elevator call,132.1102171,-2,-3,-1,0
Elevator call,132.774248,-8,11,-1,2
Elevator call,133.0964944,-6,-5,-1,3
Elevator call,139.3519589,-6,24,-1,2
Elevator call,140.0777448,-7,-9,-1,1
Elevator call,158.5773179,-2,55,-1,3
Elevator call,162.5783865,-3,17,-1,3
Elevator call,163.9130882,50,66,-1,2
Elevator call,166.5792335,14,-9,-1,4
Elevator call,171.1320552,-3,96,-1,3
Elevator call,173.2386182,-3,93,-1,2
Elevator call,175.2586539,80,90,-1,3
Elevator call,176.0558444,-4,-6,-1,0
Elevator call,180.324503,-1,97,-1,2
Elevator call,191.6681651,-6,41,-1,2
Elevator call,193.1424188,-4,80,-1,3
Elevator call,194.5707568,-7,55,-1,2
Elevator call,196.8933046,0,74,-1,3
Elevator call,199.3533828,-5,-7,-1,0
Elevator call,202.0588368,2,81,-1,1
Elevator call,213.0692934,-1,2,-1,3
Elevator call,214.1709874,-1,55,-1,2
Elevator call,229.6291324,20,34,-1,2
Elevator call,230.3311762,-6,3,-1,2
Elevator call,234.1884667,-8,63,-1,3
Elevator call,236.1960352,-1,4,-1,2
Elevator call,245.0011818,-2,-7,-1,4
Elevator call,247.1593766,-6,74,-1,3
Elevator call,248.1361864,0,1,-1,2
Elevator call,255.0882668,-6,68,-1,3
Elevator call,255.6845165,-7,7,-1,2
Elevator call,262.0684767,-2,-3,-1,4
Elevator call,265.2648043,-6,90,-1,2
Elevator call,265.7078421,-9,49,-1,3
Elevator call,271.1769686,0,-7,-1,0
Elevator call,286.6733773,-6,-2,-1,3
Elevator call,287.7026182,-4,32,-1,2
Elevator call,287.7486589,-3,75,-1,4
Elevator call,289.2408242,-1,92,-1,4
Elevator call,290.4617878,-1,-8,-1,0
Elevator call,291.3013233,-6,86,-1,2
Elevator call,296.4464107,-8,-4,-1,2
Elevator call,299.5038593,-6,-5,-1,2
Elevator call,302.9377381,-8,-3,-1,3
Elevator call,306.6526216,-5,98,-1,4
Elevator call,309.2553589,-6,18,-1,2
Elevator call,314.8148906,28,50,-1,3
Elevator call,319.9212737,-1,17,-1,2
Elevator call,321.1484839,-2,-7,-1,0
Elevator call,323.5937697,0,-5,-1,0
Elevator call,325.8641008,-7,-6,-1,2
Elevator call,326.8172245,18,69,-1,4
Elevator call,330.3594558,-7,-8,-1,0
Elevator call,342.8376835,-5,9,-1,2
Elevator call,343.0926826,62,-2,-1,1
Elevator call,345.5396026,-1,0,-1,2
Elevator call,345.8336522,0,97,-1,4
Elevator call,352.6777742,8,-2,-1,0
Elevator call,358.045812,-2,4,-1,4
Elevator call,363.4001718,-5,-4,-1,2
Elevator call,364.9921415,8,51,-1,3
Elevator call,365.1533127,-7,89,-1,3
Elevator call,380.0707449,-3,4,-1,3
Elevator call,384.8563212,0,29,-1,2
Elevator call,390.0961592,27,57,-1,4
Elevator call,395.4574225,-4,26,-1,2
Elevator call,395.7385476,-3,78,-1,3
Elevator call,396.4349073,-4,58,-1,3
Elevator call,411.2807706,-4,68,-1,2
Elevator call,413.6312136,-7,35,-1,3
Elevator call,414.2750727,-7,-9,-1,0
Elevator call,419.4506691,-4,-5,-1,1
Elevator call,428.5102982,0,50,-1,3
Elevator call,429.0659883,-3,-4,-1,1
Elevator call,433.8181105,64,-4,-1,1
Elevator call,434.3958315,-5,-4,-1,3
Elevator call,440.1727156,-7,35,-1,2
Elevator call,453.666071,-6,19,-1,2
Elevator call,454.5668277,22,39,-1,3
Elevator call,463.0393565,-5,39,-1,2
Elevator call,469.1847762,-3,49,-1,3
Elevator call,471.7547111,-7,89,-1,2
Elevator call,473.0429549,21,63,-1,2
Elevator call,474.3070307,-4,-5,-1,0
Elevator call,474.4516514,-2,97,-1,4
Elevator call,478.9120806,-1,17,-1,2
Elevator call,486.5929955,-2,0,-1,2
Elevator call,492.780101,-4,-9,-1,0
Elevator call,494.4993612,-6,0,-1,2
Elevator call,497.2462713,-8,-9,-1,0
Elevator call,505.7307512,-5,22,-1,3
Elevator call,518.0674873,-2,4,-1,3
Elevator call,518.8597307,-1,31,-1,2
Elevator call,519.7795509,-2,89,-1,4
Elevator call,520.6845259,0,75,-1,4
Elevator call,522.8890541,40,-6,-1,1
Elevator call,526.323381,0,86,-1,4
Elevator call,533.5237446,-8,-3,-1,3
Elevator call,545.0053455,0,5,-1,3
Elevator call,548.3665338,-7,-5,-1,3
Elevator call,548.6900304,0,56,-1,2
Elevator call,549.1632702,-8,77,-1,4
Elevator call,553.5609082,90,0,-1,1
Elevator call,555.4552072,-6,54,-1,2
Elevator call,559.1940814,96,-4,-1,1
Elevator call,566.0510261,-3,14,-1,2
Elevator call,572.8436949,-3,59,-1,4
Elevator call,574.1047389,-9,-5,-1,2
Elevator call,574.3481746,-3,32,-1,3
Elevator call,574.3681907,-6,36,-1,2
Elevator call,584.0225092,-4,23,-1,3
Elevator call,589.3220302,-1,0,-1,2
Elevator call,593.4238522,-5,43,-1,2
Elevator call,595.2403016,-4,-5,-1,0
Elevator call,602.3119126,-7,96,-1,4
Elevator call,612.6685743,40,49,-1,3
Elevator call,615.3214705,-4,-1,-1,2
Elevator call,616.5834013,13,-4,-1,0
Elevator call,617.2617392,30,-4,-1,1
Elevator call,625.6737732,-8,71,-1,4
Elevator call,645.8408958,-4,-5,-1,0
Elevator call,646.3320949,-4,85,-1,2
Elevator call,646.8274071,-3,71,-1,3
Elevator call,651.66161,-9,-10,-1,0
Elevator call,652.3423759,-9,-5,-1,2
Elevator call,654.9657471,0,-9,-1,1
Elevator call,660.8209492,-9,-8,-1,2
Elevator call,668.0095444,91,-9,-1,1
Elevator call,670.0530244,0,-7,-1,0
Elevator call,670.7006557,-5,-2,-1,2
Elevator call,671.2986521,-2,67,-1,3
Elevator call,672.685967,2,17,-1,2
Elevator call,674.3611197,-5,78,-1,2
Elevator call,674.9750782,0,82,-1,2
Elevator call,680.0040159,-6,-7,-1,0
Elevator call,683.9214709,-6,43,-1,3
Elevator call,685.7899147,-4,53,-1,2
Elevator call,685.9465267,-5,62,-1,3
Elevator call,686.8809676,-2,48,-1,3
Elevator call,690.5548999,4,90,-1,4
Elevator call,694.5321945,20,-8,-1,0
Elevator call,704.2817283,-4,66,-1,4
Elevator call,704.9255677,-9,-1,-1,2
Elevator call,725.0774221,-3,-9,-1,0
Elevator call,725.3808385,-6,75,-1,2
Elevator call,726.5015288,-2,78,-1,2
Elevator call,728.9204568,-9,26,-1,2
Elevator call,738.0653974,0,70,-1,4
Elevator call,738.1397753,-4,4,-1,2
Elevator call,740.130792,-8,84,-1,4
Elevator call,750.6938181,0,51,-1,2
Elevator call,751.1946711,63,-7,-1,1
Elevator call,754.9447179,63,-2,-1,1
Elevator call,758.7157374,-5,55,-1,3
Elevator call,764.4626483,85,-6,-1,1
Elevator call,766.0673792,87,77,-1,1
Elevator call,768.3495791,-7,44,-1,2
Elevator call,771.141649,-6,24,-1,3
Elevator call,771.4903003,-2,23,-1,3
Elevator call,780.4436244,38,-3,-1,1
Elevator call,782.9467623,-2,8,-1,2
Elevator call,783.8184835,-6,31,-1,2
Elevator call,784.356043,58,-4,-1,1
Elevator call,784.6461975,-2,-8,-1,0
Elevator call,785.7707852,-7,17,-1,3
Elevator call,786.4953524,-4,23,-1,2
Elevator call,789.0527516,-9,90,-1,3
Elevator call,791.932929,-6,-4,-1,2
Elevator call,795.3461922,-2,-7,-1,0
Elevator call,803.8269297,-8,-2,-1,3
Elevator call,806.3304577,-2,68,-1,3
Elevator call,813.8281604,-8,-3,-1,3
Elevator call,815.1884758,-9,22,-1,2
Elevator call,816.2956416,-3,30,-1,2
Elevator call,819.2341386,-5,40,-1,3
Elevator call,820.5004117,-6,-8,-1,0
Elevator call,821.0035425,-3,0,-1,2
Elevator call,827.1554343,-2,33,-1,3
Elevator call,828.4291497,-2,52,-1,2
Elevator call,832.276301,-6,33,-1,2
Elevator call,839.3692862,-9,67,-1,3
Elevator call,842.2040746,16,33,-1,3
Elevator call,842.2405379,-4,10,-1,3
Elevator call,842.3650932,-8,44,-1,2
Elevator call,845.4214996,-9,81,-1,4
Elevator call,846.9077573,79,-7,-1,1
Elevator call,848.6894456,-4,-1,-1,3
Elevator call,856.0403286,-9,15,-1,2
Elevator call,863.8959232,0,55,-1,4
Elevator call,864.3592957,0,76,-1,4
Elevator call,866.6989971,-6,-2,-1,2
Elevator call,867.2166567,0,20,-1,2
Elevator call,872.9847192,-1,0,-1,2
Elevator call,873.1183156,32,-2,-1,1
Elevator call,885.5908012,39,-6,-1,0
Elevator call,886.7445846,-3,55,-1,3
Elevator call,888.0950714,0,14,-1,2
Elevator call,889.3261486,-5,-9,-1,0
Elevator call,889.9477497,-5,87,-1,4
Elevator call,891.9797377,-5,-4,-1,3
Elevator call,902.5104048,-6,47,-1,3
Elevator call,909.7355558,0,42,-1,2
Elevator call,912.7398543,0,86,-1,4
Elevator call,918.4344403,36,0,-1,1
Elevator call,922.2746787,7,-6,-1,1
Elevator call,922.6406285,87,-7,-1,1
Elevator call,924.1034607,72,-3,-1,0
Elevator call,930.1398886,-9,29,-1,2
Elevator call,940.2094487,-3,97,-1,3
Elevator call,940.2730229,24,30,-1,4
Elevator call,954.9932393,30,-3,-1,1
Elevator call,958.9509054,63,-5,-1,1
Elevator call,963.4262854,0,-4,-1,0
Elevator call,969.7502667,-2,30,-1,2
Elevator call,970.8400671,-6,0,-1,3
Elevator call,971.4571037,-3,28,-1,2
Elevator call,973.0380805,-7,-9,-1,0
Elevator call,974.1521739,-1,20,-1,2
Elevator call,974.6240768,-5,55,-1,3
Elevator call,974.8492393,4,29,-1,4
Elevator call,978.1060191,-3,-1,-1,2
Elevator call,980.0218722,0,89,-1,3
Elevator call,982.9829901,65,64,-1,1
Elevator call,987.4565813,-5,99,-1,3
Elevator call,991.8380642,-1,94,-1,3
Elevator call,1004.584094,-3,-4,-1,0
Elevator call,1006.644668,0,-2,-1,0
Elevator call,1007.376452,-4,34,-1,3
Elevator call,1010.278727,27,-8,-1,0
Elevator call,1012.069434,26,60,-1,4
Elevator call,1015.448122,27,64,-1,3
Elevator call,1015.651481,-9,8,-1,3
Elevator call,1016.639269,16,0,-1,0
Elevator call,1018.764648,-4,39,-1,2
Elevator call,1027.315623,45,81,-1,4
Elevator call,1028.143973,-9,59,-1,3
Elevator call,1030.877784,0,88,-1,2
Elevator call,1035.635795,6,67,-1,3
Elevator call,1038.038679,-4,62,-1,3
Elevator call,1038.681993,-9,47,-1,2
Elevator call,1042.305376,-3,13,-1,2
Elevator call,1042.637358,-3,89,-1,4
Elevator call,1043.574103,76,-4,-1,1
Elevator call,1044.017787,-6,0,-1,2
Elevator call,1046.632255,67,74,-1,4
Elevator call,1053.84865,-5,25,-1,3
Elevator call,1057.418852,-5,67,-1,3
Elevator call,1059.536117,-2,56,-1,3
Elevator call,1059.785751,16,0,-1,0
Elevator call,1059.803767,-4,3,-1,2
Elevator call,1062.518092,64,-6,-1,1
Elevator call,1069.559543,7,85,-1,4
Elevator call,1071.377468,-9,-1,-1,2
Elevator call,1071.688745,-8,18,-1,3
Elevator call,1073.564559,-5,82,-1,2
Elevator call,1074.08059,-9,-1,-1,2
Elevator call,1076.372901,-9,94,-1,2
Elevator call,1077.209745,-1,5,-1,4
Elevator call,1078.804214,-7,68,-1,4
Elevator call,1081.612754,-3,63,-1,4
Elevator call,1081.730164,-9,33,-1,2
Elevator call,1082.386404,-7,-3,-1,3
Elevator call,1089.314924,-1,49,-1,2
Elevator call,1089.79576,-5,18,-1,2
Elevator call,1091.219469,-3,0,-1,2
Elevator call,1095.181547,-2,15,-1,3
Elevator call,1096.099982,-5,98,-1,2
Elevator call,1096.605489,-8,14,-1,3
Elevator call,1100.981732,0,-1,-1,0
Elevator call,1110.936322,-6,75,-1,4
Elevator call,1114.165306,-1,71,-1,4
Elevator call,1115.216503,-4,58,-1,4
Elevator call,1119.78358,53,99,-1,2
Elevator call,1121.07694,-5,71,-1,2
Elevator call,1122.868719,32,-4,-1,1
Elevator call,1124.991232,63,-7,-1,1
Elevator call,1128.585262,46,75,-1,2
Elevator call,1131.069891,0,-3,-1,0
Elevator call,1134.857499,5,18,-1,3
Elevator call,1137.286414,-7,41,-1,2
Elevator call,1139.157778,16,0,-1,0
Elevator call,1140.372395,35,53,-1,4
Elevator call,1144.16324,-4,4,-1,2
Elevator call,1150.244865,-2,-5,-1,0
Elevator call,1152.23857,-1,41,-1,2
Elevator call,1152.238899,100,-6,-1,1
Elevator call,1155.344063,-7,87,-1,2
Elevator call,1157.272032,18,-4,-1,0
Elevator call,1162.393014,36,-9,-1,0
Elevator call,1164.567007,4,0,-1,0
Elevator call,1167.60617,16,75,-1,3
Elevator call,1171.89522,70,-5,-1,1
Elevator call,1172.828673,45,-3,-1,0
Elevator call,1173.595821,-6,69,-1,3
Elevator call,1179.70317,62,12,-1,1
Elevator call,1179.741773,30,-3,-1,0
Elevator call,1181.583879,-2,13,-1,3
Elevator call,1181.943604,53,-8,-1,1
Elevator call,1182.254753,91,-4,-1,1
Elevator call,1184.501158,92,-5,-1,1
Elevator call,1189.386665,-2,-7,-1,0
Elevator call,1195.063846,-2,0,-1,3
Elevator call,1197.104352,-5,38,-1,2
Elevator call,1199.279746,-4,99,-1,2
Elevator call,1201.768404,-8,57,-1,3
Elevator call,1202.338981,37,-7,-1,0
Elevator call,1202.357389,-5,-8,-1,0
Elevator call,1207.717372,86,0,-1,1
Elevator call,1210.984716,-2,73,-1,2
Elevator call,1226.106721,-7,78,-1,2
Elevator call,1227.879164,-6,30,-1,3
Elevator call,1227.916575,-2,89,-1,2
Elevator call,1228.007301,0,2,-1,3
Elevator call,1237.161603,-9,94,-1,2
Elevator call,1243.533293,21,39,-1,2
Elevator call,1245.847022,25,-8,-1,0
Elevator call,1246.131936,92,-1,-1,1
Elevator call,1257.293856,58,-7,-1,1
Elevator call,1257.306318,85,70,-1,1
Elevator call,1260.674142,-3,32,-1,2
Elevator call,1265.569939,-9,49,-1,3
Elevator call,1269.100212,-3,-1,-1,2
Elevator call,1269.810623,-2,-5,-1,0
Elevator call,1270.233794,-9,96,-1,4
Elevator call,1273.617486,87,-1,-1,1
Elevator call,1274.234417,-9,-7,-1,3
Elevator call,1276.035326,67,17,-1,1
Elevator call,1277.947371,-1,-9,-1,0
Elevator call,1282.486431,53,0,-1,0
Elevator call,1284.853153,-3,19,-1,3
Elevator call,1291.067588,6,5,-1,0
Elevator call,1293.859385,67,-4,-1,1
Elevator call,1299.440972,-6,33,-1,3
Elevator call,1303.576933,-7,20,-1,3
Elevator call,1322.523904,-5,49,-1,2
Elevator call,1322.584081,-2,20,-1,4
Elevator call,1326.65714,25,-6,-1,1
Elevator call,1327.556104,-9,79,-1,4
Elevator call,1329.815693,-5,85,-1,2
Elevator call,1332.596388,45,-9,-1,1
Elevator call,1333.008876,47,-7,-1,1
Elevator call,1333.026978,-1,0,-1,3
Elevator call,1333.66465,-2,3,-1,4
Elevator call,1334.003981,-6,-8,-1,0
Elevator call,1339.845746,-4,-7,-1,0
Elevator call,1347.00121,95,-5,-1,1
Elevator call,1351.047923,-2,-5,-1,0
Elevator call,1356.797203,-7,2,-1,3
Elevator call,1357.746724,-9,78,-1,2
Elevator call,1358.609305,47,-2,-1,0
Elevator call,1360.177245,-8,33,-1,2
Elevator call,1360.696826,-6,66,-1,4
Elevator call,1361.170575,-9,93,-1,2
Elevator call,1362.436704,-9,25,-1,3
Elevator call,1363.001585,25,-9,-1,0
Elevator call,1364.729248,28,0,-1,0
Elevator call,1364.852418,18,-8,-1,1
Elevator call,1377.859686,-4,-1,-1,3
Elevator call,1379.209577,45,-8,-1,0
Elevator call,1379.834298,83,29,-1,1
Elevator call,1380.252064,95,7,-1,1
Elevator call,1380.39922,11,-7,-1,0
Elevator call,1381.02044,-3,-6,-1,0
Elevator call,1388.303766,-8,-3,-1,3
Elevator call,1388.449849,0,-2,-1,0
Elevator call,1388.939313,-3,-9,-1,0
Elevator call,1389.867181,52,-8,-1,0
Elevator call,1395.865502,-3,72,-1,2
Elevator call,1396.088069,-6,5,-1,3
Elevator call,1398.179221,24,-2,-1,1
Elevator call,1404.163131,57,-7,-1,1
Elevator call,1404.404329,76,21,-1,1
Elevator call,1406.860664,89,-1,-1,1
Elevator call,1409.267186,54,98,-1,2
Elevator call,1409.526698,99,-7,-1,1
Elevator call,1413.514955,-9,-3,-1,3
Elevator call,1422.839749,-9,-5,-1,3
Elevator call,1434.54039,61,99,-1,2
Elevator call,1434.702418,3,-3,-1,0
Elevator call,1439.54322,72,95,-1,4
Elevator call,1446.800178,-5,94,-1,2
Elevator call,1449.854624,-2,95,-1,2
Elevator call,1454.775046,-7,-1,-1,3
Elevator call,1461.628779,-8,76,-1,2
Elevator call,1461.854778,44,0,-1,0
Elevator call,1463.934677,-8,-1,-1,2
Elevator call,1466.860147,45,86,-1,4
Elevator call,1468.221514,-5,-7,-1,1
Elevator call,1471.372913,-7,-2,-1,3
Elevator call,1472.893744,-2,-7,-1,1
Elevator call,1475.613429,-5,-8,-1,1
Elevator call,1476.804176,-7,54,-1,2
Elevator call,1477.203321,-1,58,-1,2
Elevator call,1478.324008,3,-3,-1,1
Elevator call,1481.991827,-1,74,-1,2
Elevator call,1485.182306,-5,12,-1,2
Elevator call,1509.720525,41,-1,-1,0
Elevator call,1512.794714,-6,68,-1,2
Elevator call,1517.463791,-7,0,-1,2
Elevator call,1523.450101,42,-8,-1,0
Elevator call,1523.770075,-4,57,-1,2
Elevator call,1530.722089,13,22,-1,2
Elevator call,1533.677664,-8,33,-1,2
Elevator call,1538.697386,23,-7,-1,1
Elevator call,1545.911057,-3,40,-1,2
Elevator call,1556.255029,-9,14,-1,2
Elevator call,1557.761447,-3,26,-1,3
Elevator call,1559.209054,70,29,-1,1
Elevator call,1563.335842,90,-5,-1,1
Elevator call,1567.785137,-2,0,-1,2
Elevator call,1569.120388,-2,74,-1,4
Elevator call,1570.319039,55,-3,-1,1
Elevator call,1571.448044,-7,33,-1,3
Elevator call,1576.553901,-1,67,-1,2
Elevator call,1592.472343,-1,9,-1,2
Elevator call,1594.366927,-5,74,-1,4
Elevator call,1604.523745,-7,-6,-1,2
Elevator call,1608.830049,45,-3,-1,1
Elevator call,1611.532694,-4,-5,-1,0
Elevator call,1612.671065,-1,-6,-1,0
Elevator call,1618.922787,25,-6,-1,0
Elevator call,1620.161178,38,-2,-1,0
Elevator call,1620.63401,-2,30,-1,2
Elevator call,1624.301982,0,-5,-1,0
Elevator call,1637.18872,-9,87,-1,4
Elevator call,1640.284775,-6,78,-1,4
Elevator call,1642.798184,-6,37,-1,2
Elevator call,1644.826079,-7,33,-1,2
Elevator call,1651.989098,-5,66,-1,3
Elevator call,1652.402655,56,0,-1,1
Elevator call,1656.413041,-9,-6,-1,2
Elevator call,1657.539101,4,-7,-1,0
Elevator call,1657.936795,44,-1,-1,0
Elevator call,1660.523777,25,-1,-1,1
Elevator call,1662.463167,40,-3,-1,0
Elevator call,1663.448798,-2,31,-1,2
Elevator call,1666.979926,-7,-3,-1,2
Elevator call,1674.943313,-8,80,-1,3
Elevator call,1675.790596,-9,50,-1,3
Elevator call,1677.610796,-9,71,-1,3
Elevator call,1677.954029,-6,25,-1,2
Elevator call,1678.868479,77,-2,-1,1
Elevator call,1681.804492,-5,-2,-1,2
Elevator call,1688.215626,69,-2,-1,1
Elevator call,1688.525186,-3,82,-1,4
Elevator call,1692.768137,23,-8,-1,0
Elevator call,1698.93047,33,-8,-1,0
Elevator call,1700.017068,75,-1,-1,1
Elevator call,1703.126421,-5,86,-1,4
Elevator call,1703.186962,9,-8,-1,0
Elevator call,1704.253292,-5,-1,-1,2
Elevator call,1707.747213,88,24,-1,1
Elevator call,1707.900023,-9,92,-1,3
Elevator call,1711.981484,-2,-9,-1,0
Elevator call,1712.701144,-4,55,-1,3
Elevator call,1713.537293,-9,92,-1,4
Elevator call,1721.549105,-2,71,-1,3
Elevator call,1722.327992,-1,44,-1,3
Elevator call,1722.503754,-6,19,-1,2
Elevator call,1732.03588,-8,3,-1,2
Elevator call,1732.601233,41,-1,-1,0
Elevator call,1735.789356,-4,13,-1,2
Elevator call,1735.799205,-9,-7,-1,2
Elevator call,1735.992101,-2,-6,-1,1
Elevator call,1745.583238,0,-1,-1,1
Elevator call,1747.436947,81,67,-1,1
Elevator call,1747.725064,14,-4,-1,0
Elevator call,1754.525699,82,2,-1,1
Elevator call,1764.68218,-3,-1,-1,2
Elevator call,1767.311089,-1,34,-1,3
Elevator call,1767.325723,55,0,-1,0
Elevator call,1767.490218,-7,-6,-1,2
Elevator call,1772.23416,-9,34,-1,3
Elevator call,1773.282119,0,-6,-1,0
Elevator call,1775.155944,58,-5,-1,0
Elevator call,1776.02885,-5,7,-1,2
Elevator call,1776.250526,1,-6,-1,1
Elevator call,1778.697945,-3,-5,-1,0
Elevator call,1782.141978,-7,14,-1,3
Elevator call,1782.743079,55,-3,-1,0
Elevator call,1784.367607,-5,75,-1,3
Elevator call,1785.61671,-6,92,-1,3
Elevator call,1786.504196,-5,38,-1,3
Elevator call,1787.126905,-4,95,-1,3
Elevator call,1787.705543,-9,0,-1,2
Elevator call,1789.236391,79,-5,-1,1
Elevator call,1792.152619,95,-2,-1,1
Elevator call,1799.084668,72,-3,-1,1
Elevator call,1799.503932,0,-2,-1,0
Elevator call,1806.1627,-1,-4,-1,0
Elevator call,1806.225479,42,-1,-1,0
Elevator call,1809.508578,0,-3,-1,0
Elevator call,1810.747864,-3,50,-1,3
Elevator call,1811.820056,86,-8,-1,1
Elevator call,1811.842867,58,45,-1,0
Elevator call,1812.693302,66,-8,-1,0
Elevator call,1816.078578,-7,96,-1,4
Elevator call,1816.840925,15,-8,-1,1
Elevator call,1817.194675,-5,13,-1,3
Elevator call,1830.690548,-1,49,-1,2
Elevator call,1837.249099,72,3,-1,1
Elevator call,1842.963127,0,-2,-1,0
Elevator call,1845.779271,-1,24,-1,2
Elevator call,1850.100587,43,-9,-1,0
Elevator call,1850.507014,-6,24,-1,2
Elevator call,1854.060087,-8,67,-1,3
Elevator call,1854.204052,-9,99,-1,4
Elevator call,1855.067401,0,40,-1,3
Elevator call,1857.236918,56,0,-1,1
Elevator call,1858.02285,0,-4,-1,0
Elevator call,1861.066333,-3,29,-1,2
Elevator call,1862.013082,16,-6,-1,0
Elevator call,1864.535694,-8,57,-1,3
Elevator call,1866.866892,0,19,-1,2
Elevator call,1867.61907,-9,-1,-1,2
Elevator call,1868.738046,15,-2,-1,0
Elevator call,1870.621292,-8,45,-1,3
Elevator call,1872.495749,57,14,-1,1
Elevator call,1895.160486,64,0,-1,1
Elevator call,1895.469887,-8,6,-1,2
Elevator call,1895.848892,97,-1,-1,1
Elevator call,1897.32482,28,-6,-1,0
Elevator call,1913.898811,48,-6,-1,0
Elevator call,1914.121828,59,-8,-1,0
Elevator call,1922.274154,-7,6,-1,2
Elevator call,1923.932602,0,-9,-1,0
Elevator call,1925.17166,-7,0,-1,2
Elevator call,1927.38688,64,-2,-1,0
Elevator call,1932.536643,70,-5,-1,1
Elevator call,1939.85871,-9,-8,-1,2
Elevator call,1940.156619,35,-3,-1,0
Elevator call,1940.270844,100,0,-1,1
Elevator call,1941.771413,84,-2,-1,1
Elevator call,1942.337111,0,-1,-1,0
Elevator call,1945.755915,41,-1,-1,0
Elevator call,1947.648187,-4,-7,-1,0
Elevator call,1953.468662,-5,98,-1,3
Elevator call,1956.339012,-2,-4,-1,0
Elevator call,1956.537192,0,43,-1,2
Elevator call,1958.696758,0,-7,-1,0
Elevator call,1959.62545,59,-3,-1,0
Elevator call,1959.731771,90,-4,-1,1
Elevator call,1960.539922,71,-7,-1,0
Elevator call,1961.688532,-8,14,-1,2
Elevator call,1961.98002,-1,30,-1,2
Elevator call,1962.513858,-6,-1,-1,3
Elevator call,1964.206282,-1,60,-1,3
Elevator call,1965.986867,35,-9,-1,1
Elevator call,1968.40242,-9,20,-1,2
Elevator call,1972.414669,60,-6,-1,1
Elevator call,1981.687761,-8,15,-1,2
Elevator call,1983.896635,-3,97,-1,4
Elevator call,1984.488252,71,-7,-1,1
Elevator call,1984.564874,91,-2,-1,1
Elevator call,1991.114587,1,-1,-1,0
Elevator call,1992.341247,58,0,-1,0
Elevator call,1992.697637,-5,0,-1,3
Elevator call,1992.94629,-5,0,-1,2
Elevator call,1992.988064,22,66,-1,3
Elevator call,1996.930465,8,-7,-1,0
Elevator call,1998.824301,73,-7,-1,1
Elevator call,2001.664914,-8,27,-1,3
Elevator call,2004.237952,35,-5,-1,0
Elevator call,2005.179931,96,21,-1,1
Elevator call,2008.921539,-1,-6,-1,0
Elevator call,2013.481514,83,-2,-1,1
Elevator call,2030.476631,80,-6,-1,1
Elevator call,2034.337359,1,-2,-1,0
Elevator call,2035.456188,-1,48,-1,3
Elevator call,2038.102722,0,-5,-1,0
Elevator call,2039.09104,-9,21,-1,2
Elevator call,2041.349394,-5,-2,-1,3
Elevator call,2041.757771,97,-3,-1,1
Elevator call,2043.312682,96,-1,-1,1
Elevator call,2048.290259,-6,-3,-1,3
Elevator call,2051.249226,42,0,-1,0
Elevator call,2063.141072,16,-4,-1,0
Elevator call,2064.927341,54,68,-1,4
Elevator call,2070.493198,-9,29,-1,3
Elevator call,2073.297339,100,-3,-1,1
Elevator call,2074.103499,73,-2,-1,0
Elevator call,2074.392881,-4,0,-1,3
Elevator call,2077.82055,-9,-6,-1,3
Elevator call,2079.990628,-5,18,-1,2
Elevator call,2083.030794,67,36,-1,1
Elevator call,2090.924878,-7,-2,-1,2
Elevator call,2090.926411,69,97,-1,4
Elevator call,2091.053498,-4,71,-1,3
Elevator call,2091.961095,69,-5,-1,0
Elevator call,2102.368294,-7,68,-1,2
Elevator call,2102.786648,42,-7,-1,0
Elevator call,2118.658887,-6,-8,-1,0
Elevator call,2118.723455,-3,73,-1,3
Elevator call,2118.926976,-6,10,-1,2
Elevator call,2121.7441,27,0,-1,0
Elevator call,2125.722554,6,5,-1,0
Elevator call,2127.263999,43,-7,-1,1
Elevator call,2127.47492,45,-6,-1,0
Elevator call,2133.324433,-1,-2,-1,1
Elevator call,2135.67454,-2,-6,-1,1
Elevator call,2136.761554,0,15,-1,2
Elevator call,2137.806019,-1,0,-1,3
Elevator call,2139.131478,95,-5,-1,1
Elevator call,2143.53515,-4,-2,-1,2
Elevator call,2148.225862,-8,-3,-1,2
Elevator call,2152.579322,95,-2,-1,1
Elevator call,2152.934385,0,30,-1,3
Elevator call,2154.858907,83,-9,-1,1
Elevator call,2158.31747,87,70,-1,1
Elevator call,2158.987833,-7,-9,-1,0
Elevator call,2160.743535,14,-7,-1,0
Elevator call,2169.721824,-1,75,-1,2
Elevator call,2172.157075,-4,-8,-1,0
Elevator call,2174.362476,0,88,-1,4
Elevator call,2175.032117,-5,-8,-1,0
Elevator call,2178.249985,-9,55,-1,2
Elevator call,2191.116872,-9,83,-1,4
Elevator call,2192.158363,-4,58,-1,2
Elevator call,2192.291801,0,-3,-1,0
Elevator call,2192.362875,89,-2,-1,1
Elevator call,2207.14232,-9,-6,-1,2
Elevator call,2211.84047,-7,52,-1,2
Elevator call,2212.700056,63,-7,-1,0
Elevator call,2212.858189,48,-9,-1,1
Elevator call,2214.143365,72,-7,-1,0
Elevator call,2214.641201,86,0,-1,0
Elevator call,2215.339124,-7,-3,-1,2
Elevator call,2216.249858,-9,13,-1,2
Elevator call,2217.653228,57,7,-1,1
Elevator call,2223.848987,74,-1,-1,0
Elevator call,2230.251351,-8,83,-1,3
Elevator call,2235.121456,-7,-8,-1,1
Elevator call,2235.942671,-5,95,-1,4
Elevator call,2237.369156,0,79,-1,3
Elevator call,2240.167786,-5,-8,-1,1
Elevator call,2241.72448,19,0,-1,1
Elevator call,2243.01531,-1,-5,-1,1
Elevator call,2246.9705,-2,17,-1,2
Elevator call,2253.662907,-4,-8,-1,1
Elevator call,2260.875161,-9,-1,-1,3
Elevator call,2262.186795,-6,-2,-1,2
Elevator call,2267.10417,34,33,-1,1
Elevator call,2267.415977,-2,3,-1,2
Elevator call,2272.169536,41,-9,-1,1
Elevator call,2272.64584,-3,25,-1,3
Elevator call,2276.430866,50,-9,-1,0
Elevator call,2277.610194,27,-2,-1,1
Elevator call,2278.214934,0,31,-1,2
Elevator call,2290.350087,-8,21,-1,2
Elevator call,2297.982483,12,-8,-1,1
Elevator call,2299.927903,75,-8,-1,1
Elevator call,2307.647346,59,0,-1,0
Elevator call,2308.167611,-1,44,-1,2
Elevator call,2310.098494,-4,-3,-1,2
Elevator call,2314.292219,-2,76,-1,3
Elevator call,2316.407292,73,-8,-1,1
Elevator call,2317.462949,58,-5,-1,0
Elevator call,2317.577937,-9,-3,-1,2
Elevator call,2323.829004,-8,-9,-1,0
Elevator call,2325.978688,90,29,-1,1
Elevator call,2327.769803,44,-6,-1,0
Elevator call,2332.852221,-9,-8,-1,2
Elevator call,2334.967505,53,-9,-1,0
Elevator call,2336.130594,-1,74,-1,3
Elevator call,2336.809301,1,-4,-1,0
Elevator call,2337.185538,15,-6,-1,0
Elevator call,2343.664107,41,-4,-1,0
Elevator call,2347.76254,0,-3,-1,0
Elevator call,2353.156081,3,-1,-1,0
Elevator call,2363.452294,4,0,-1,0
Elevator call,2363.78504,-2,84,-1,3
Elevator call,2370.742639,24,-9,-1,0
Elevator call,2373.160166,49,-4,-1,1
Elevator call,2376.946398,-9,17,-1,3
Elevator call,2376.979288,23,-4,-1,0
Elevator call,2378.033221,-3,-8,-1,0
Elevator call,2385.628578,-8,-9,-1,0
Elevator call,2386.736938,100,-6,-1,1
Elevator call,2387.607897,7,-6,-1,0
Elevator call,2391.131681,-9,89,-1,3
Elevator call,2391.819995,-6,49,-1,2
Elevator call,2392.576704,-9,-4,-1,3
Elevator call,2395.386488,74,30,-1,1
Elevator call,2398.010425,29,-5,-1,0
Elevator call,2399.593906,-9,-6,-1,3
Elevator call,2403.184894,85,-7,-1,1
Elevator call,2405.623422,0,-7,-1,0
Elevator call,2417.032548,62,-4,-1,0
Elevator call,2420.734174,-9,56,-1,2
Elevator call,2421.635637,62,-7,-1,0
Elevator call,2423.82081,73,13,-1,0
Elevator call,2428.183952,-8,70,-1,3
Elevator call,2430.575883,36,-2,-1,1
Elevator call,2432.814122,52,-8,-1,1
Elevator call,2434.83735,-8,-2,-1,2
Elevator call,2435.151807,80,-2,-1,1
Elevator call,2436.656074,46,-2,-1,0
Elevator call,2441.910352,68,-7,-1,0
Elevator call,2445.864127,-1,69,-1,3
Elevator call,2445.870392,33,18,-1,0
Elevator call,2448.068534,13,-4,-1,1
Elevator call,2452.874478,59,0,-1,1
Elevator call,2456.97326,0,17,-1,3
Elevator call,2457.576156,-2,22,-1,2
Elevator call,2457.864656,-7,98,-1,4
Elevator call,2461.300464,13,-6,-1,1
Elevator call,2466.822952,25,6,-1,1
Elevator call,2473.88547,1,-3,-1,1
Elevator call,2475.845334,-4,0,-1,2
Elevator call,2482.195612,-6,-9,-1,1
Elevator call,2484.25424,-7,11,-1,2
Elevator call,2486.237902,44,-4,-1,1
Elevator call,2489.816834,-2,0,-1,2
Elevator call,2491.024939,-4,74,-1,3
Elevator call,2499.029335,42,0,-1,0
Elevator call,2502.539682,-5,-9,-1,1
Elevator call,2503.113399,-2,-3,-1,0
Elevator call,2507.11154,-2,-4,-1,0
Elevator call,2508.737964,0,18,-1,2
Elevator call,2509.34216,-4,0,-1,3
Elevator call,2510.475848,-6,-7,-1,1
Elevator call,2510.619935,92,-3,-1,1
Elevator call,2511.325149,25,0,-1,0
Elevator call,2516.558707,88,54,-1,1
Elevator call,2521.467251,90,-6,-1,1
Elevator call,2522.288874,33,-1,-1,0
Elevator call,2523.804208,93,-9,-1,1
Elevator call,2525.124449,97,-1,-1,1
Elevator call,2526.940194,-7,0,-1,2
Elevator call,2536.21386,-5,1,-1,2
Elevator call,2538.005056,45,62,-1,3
Elevator call,2540.30969,-3,84,-1,4
Elevator call,2564.656949,13,-2,-1,0
Elevator call,2567.111324,-2,16,-1,4
Elevator call,2567.322413,86,-3,-1,1
Elevator call,2570.877952,-2,-3,-1,0
Elevator call,2578.016963,19,-3,-1,0
Elevator call,2584.536414,2,-7,-1,0
Elevator call,2587.357587,93,-9,-1,1
Elevator call,2587.487981,52,-5,-1,0
Elevator call,2589.850207,-6,16,-1,2
Elevator call,2594.325429,8,-8,-1,0
Elevator call,2595.170284,100,-9,-1,1
Elevator call,2596.603425,-3,22,-1,3
Elevator call,2599.625226,62,-3,-1,0
Elevator call,2606.603419,-8,46,-1,2
Elevator call,2607.69461,-2,-3,-1,0
Elevator call,2608.015549,47,-2,-1,0
Elevator call,2610.911677,-5,-8,-1,0
Elevator call,2623.965228,91,0,-1,1
Elevator call,2628.736953,-5,-8,-1,0
Elevator call,2633.525489,-9,0,-1,2
Elevator call,2638.089055,-6,-8,-1,0
Elevator call,2638.448458,55,-1,-1,0
Elevator call,2643.011039,23,-9,-1,0
Elevator call,2643.170113,-9,100,-1,4
Elevator call,2647.028852,86,0,-1,1
Elevator call,2649.516828,54,3,-1,0
Elevator call,2654.45685,-3,82,-1,3
Elevator call,2661.957771,61,-4,-1,0
Elevator call,2668.28648,49,-8,-1,0
Elevator call,2668.315521,0,72,-1,3
Elevator call,2669.789866,-8,-6,-1,3
Elevator call,2671.353863,53,89,-1,2
Elevator call,2673.119287,-7,-8,-1,1
Elevator call,2674.66113,8,0,-1,0
Elevator call,2677.378234,0,-9,-1,1
Elevator call,2681.783485,70,-5,-1,1
Elevator call,2691.09882,82,0,-1,1
Elevator call,2692.892539,69,-5,-1,1
Elevator call,2694.518777,100,-3,-1,1
Elevator call,2699.909898,73,-4,-1,0
Elevator call,2707.172222,36,-6,-1,1
Elevator call,2711.388105,96,-7,-1,1
Elevator call,2712.745951,-6,25,-1,2
Elevator call,2717.807141,49,-9,-1,0
Elevator call,2718.964769,-2,0,-1,2
Elevator call,2722.186433,37,-9,-1,0
Elevator call,2722.247106,-9,97,-1,4
Elevator call,2722.43074,77,-2,-1,1
Elevator call,2730.084055,78,0,-1,1
Elevator call,2739.095206,77,0,-1,1
Elevator call,2741.936404,31,-6,-1,1
Elevator call,2744.56155,70,-9,-1,1
Elevator call,2755.072731,-5,-6,-1,0
Elevator call,2758.287017,62,0,-1,1
Elevator call,2768.342271,32,-7,-1,0
Elevator call,2769.141375,58,-7,-1,1
Elevator call,2776.784625,-9,-1,-1,2
Elevator call,2776.811647,-4,24,-1,3
Elevator call,2781.607588,91,-4,-1,1
Elevator call,2782.898895,54,-2,-1,0
Elevator call,2785.857229,66,-3,-1,0
Elevator call,2788.162917,95,-3,-1,1
Elevator call,2789.355027,86,49,-1,1
Elevator call,2796.697646,-6,-4,-1,3
Elevator call,2798.998798,62,-4,-1,0
Elevator call,2806.734204,95,-1,-1,1
Elevator call,2807.077497,74,-4,-1,0
Elevator call,2807.253332,93,-8,-1,1
Elevator call,2808.961957,51,-1,-1,0
Elevator call,2816.337372,27,-4,-1,0
Elevator call,2818.00684,-9,64,-1,2
Elevator call,2818.211341,27,-7,-1,1
Elevator call,2824.104535,-1,-2,-1,0
Elevator call,2824.370682,-1,0,-1,3
Elevator call,2826.559806,8,-1,-1,0
Elevator call,2834.803191,5,-4,-1,0
Elevator call,2841.55671,79,-6,-1,1
Elevator call,2845.950084,-4,45,-1,3
Elevator call,2846.233429,77,-1,-1,1
Elevator call,2846.632049,31,-9,-1,0
Elevator call,2853.890336,6,-3,-1,0
Elevator call,2854.561328,49,-1,-1,0
Elevator call,2857.417103,53,-5,-1,0
Elevator call,2858.60227,-2,50,-1,2
Elevator call,2868.568427,-6,-8,-1,0
Elevator call,2882.942549,77,-2,-1,1
Elevator call,2887.449576,-5,-2,-1,2
Elevator call,2891.145499,84,88,-1,3
Elevator call,2899.913122,75,-9,-1,1
Elevator call,2901.944473,-6,-7,-1,0
Elevator call,2908.70389,55,-5,-1,0
Elevator call,2914.382029,0,-8,-1,0
Elevator call,2927.590694,-4,89,-1,2
Elevator call,2927.754089,-5,0,-1,3
Elevator call,2934.685947,40,65,-1,2
Elevator call,2942.141571,21,-5,-1,0
Elevator call,2954.948283,-8,-2,-1,3
Elevator call,2959.63928,-9,10,-1,2
Elevator call,2960.074189,-4,-5,-1,1
Elevator call,2961.759914,97,45,-1,1
Elevator call,2964.503368,13,-3,-1,0
Elevator call,2974.305119,53,11,-1,0
Elevator call,2976.762139,39,-9,-1,1
Elevator call,2978.528882,49,-8,-1,0
Elevator call,2980.266811,-5,-6,-1,1
Elevator call,2981.479683,-8,35,-1,2
Elevator call,2981.725124,92,-2,-1,1
Elevator call,2987.412108,48,20,-1,0
Elevator call,2992.634019,40,-6,-1,1
Elevator call,2997.165424,31,-9,-1,1
Elevator call,2997.261166,99,-5,-1,1
Elevator call,2998.050998,16,48,-1,2
Elevator call,2998.122052,73,-2,-1,1
Elevator call,3001.687541,25,-4,-1,0
Elevator call,3005.892384,59,-7,-1,0
Elevator call,3006.855919,-2,67,-1,2
Elevator call,3017.693339,100,81,-1,1
Elevator call,3020.043093,-1,-9,-1,0
Elevator call,3023.750131,-7,-8,-1,0
Elevator call,3026.16102,-6,-7,-1,0
Elevator call,3030.022994,67,-1,-1,1
Elevator call,3034.542025,-3,65,-1,2
Elevator call,3034.722534,77,-9,-1,1
Elevator call,3035.629283,23,-7,-1,0
Elevator call,3038.342821,15,70,-1,3
Elevator call,3042.854063,-1,0,-1,2
Elevator call,3047.909963,95,-9,-1,1
Elevator call,3051.017899,4,-2,-1,0
Elevator call,3060.092076,62,-5,-1,1
Elevator call,3068.633639,60,-5,-1,1
Elevator call,3076.48161,33,-5,-1,0
Elevator call,3077.884651,100,19,-1,1
Elevator call,3078.179634,59,-8,-1,0
Elevator call,3088.377664,-6,-8,-1,0
Elevator call,3096.445225,-7,-8,-1,0
Elevator call,3098.331684,51,-3,-1,0
Elevator call,3099.768276,44,-1,-1,0
Elevator call,3103.864265,-3,-7,-1,0
Elevator call,3104.655654,33,-8,-1,0
Elevator call,3109.610094,30,-6,-1,0
Elevator call,3112.474228,-1,55,-1,2
Elevator call,3115.260315,-4,-2,-1,2
Elevator call,3115.687091,33,-7,-1,0
Elevator call,3125.791798,70,-4,-1,1
Elevator call,3132.666151,-4,-8,-1,0
Elevator call,3155.875939,48,-1,-1,1
Elevator call,3158.051759,-9,-7,-1,2
Elevator call,3161.199672,34,-9,-1,0
Elevator call,3163.64295,76,-3,-1,1
Elevator call,3168.245433,93,-5,-1,1
Elevator call,3171.859978,14,-8,-1,0
Elevator call,3175.511819,92,-1,-1,1
Elevator call,3178.744262,47,-3,-1,0
Elevator call,3179.244811,-4,-5,-1,1
Elevator call,3180.65839,-5,-6,-1,1
Elevator call,3181.443704,-6,-7,-1,1
Elevator call,3181.68865,56,-2,-1,1
Elevator call,3189.807491,39,-9,-1,1
Elevator call,3192.431488,42,50,-1,3
Elevator call,3192.903508,-9,-3,-1,2
Elevator call,3193.293071,98,0,-1,1
Elevator call,3194.768299,19,-5,-1,0
Elevator call,3194.7918,95,-5,-1,1
Elevator call,3200.530263,71,-1,-1,0
Elevator call,3201.325156,0,-3,-1,1
Elevator call,3202.693894,39,1,-1,0
Elevator call,3209.986093,59,-9,-1,1
Elevator call,3210.712779,30,-3,-1,1
Elevator call,3210.787479,-5,-9,-1,1
Elevator call,3212.312619,-5,-7,-1,1
Elevator call,3212.663391,53,-6,-1,1
Elevator call,3218.284879,-6,0,-1,2
Elevator call,3218.53367,90,-7,-1,1
Elevator call,3219.688816,8,-6,-1,0
Elevator call,3223.819271,49,-3,-1,0
Elevator call,3226.073019,31,-9,-1,0
Elevator call,3226.304673,80,-1,-1,1
Elevator call,3227.237436,28,-1,-1,0
Elevator call,3233.259244,92,-2,-1,1
Elevator call,3234.047912,95,-7,-1,1
Elevator call,3241.427632,1,-9,-1,0
Elevator call,3241.467866,97,-1,-1,1
Elevator call,3244.83667,-3,17,-1,2
Elevator call,3265.79284,72,-6,-1,1
Elevator call,3278.928327,22,59,-1,2
Elevator call,3279.380628,-7,0,-1,2
Elevator call,3282.115805,95,0,-1,1
Elevator call,3285.619072,24,-4,-1,0
Elevator call,3299.51259,74,12,-1,0
Elevator call,3301.520782,0,-4,-1,1
Elevator call,3304.99351,95,0,-1,1
Elevator call,3308.035207,77,-2,-1,1
Elevator call,3316.428139,89,-8,-1,1
Elevator call,3340.167405,21,-2,-1,1
Elevator call,3347.218751,63,-8,-1,1
Elevator call,3350.895635,34,-3,-1,1
Elevator call,3357.900656,-5,-8,-1,1
Elevator call,3359.437459,6,-1,-1,1
Elevator call,3360.435945,74,34,-1,0
Elevator call,3363.386012,47,-9,-1,1
Elevator call,3364.518234,61,-4,-1,1
Elevator call,3366.940391,-8,54,-1,2
Elevator call,3373.014815,39,0,-1,1
Elevator call,3385.236028,0,-2,-1,1
Elevator call,3396.634921,16,-4,-1,1
Elevator call,3397.364158,67,-8,-1,1
Elevator call,3406.373013,15,0,-1,0
Elevator call,3407.693836,7,-7,-1,1
Elevator call,3410.983912,1,0,-1,1
Elevator call,3413.7029,-4,-9,-1,1
Elevator call,3414.405016,47,-1,-1,1
Elevator call,3414.975753,48,-1,-1,1
Elevator call,3418.188049,3,-3,-1,0
Elevator call,3419.500235,-5,-1,-1,2
Elevator call,3419.88883,76,-7,-1,1
Elevator call,3439.800603,100,-4,-1,1
Elevator call,3445.331559,54,-6,-1,0
Elevator call,3450.797599,95,0,-1,1
Elevator call,3457.441883,20,-1,-1,0
Elevator call,3465.608214,11,-9,-1,0
Elevator call,3475.950402,27,-6,-1,0
Elevator call,3477.812675,27,-7,-1,0
Elevator call,3480.369593,93,85,-1,1
Elevator call,3487.570155,-1,0,-1,2
Elevator call,3488.442668,66,-4,-1,1
Elevator call,3492.398309,-7,-5,-1,2
Elevator call,3494.007297,30,-9,-1,0
Elevator call,3498.336543,65,-6,-1,1
Elevator call,3499.618441,71,55,-1,1
Elevator call,3502.776216,42,-6,-1,0
Elevator call,3503.629152,68,0,-1,0
Elevator call,3505.473737,-7,-3,-1,2
Elevator call,3519.067408,19,16,-1,0
Elevator call,3525.936132,-4,-2,-1,2
Elevator call,3528.25646,-5,-8,-1,1
Elevator call,3530.595604,81,-6,-1,1
Elevator call,3538.125044,97,-2,-1,1
Elevator call,3542.343161,0,-5,-1,0
Elevator call,3550.684685,66,-4,-1,1
Elevator call,3556.849699,25,0,-1,0
Elevator call,3566.237197,-1,0,-1,2
Elevator call,3566.527342,46,-1,-1,0
Elevator call,3573.758318,20,-4,-1,1
Elevator call,3581.790245,86,-5,-1,1
Elevator call,3588.052285,-4,-7,-1,0
Elevator call,3598.719509,29,-7,-1,0
Elevator call,3599.437366,86,-3,-1,1
